block,model,subset,n,MAPE_%,median_APE_%,source
in_sample_all_rows,bohr,ALL,5847,1362.9069107412909,171.7143691275168,
in_sample_all_rows,bohr,neutral,108,22878.254311522152,22200.065578447473,
in_sample_all_rows,bohr,H-like,110,5.99553414129041,4.171249681003547,
in_sample_all_rows,bohr,experimental,311,8851.043962465075,3350.982329469885,
in_sample_all_rows,bohr,semi-empirical,919,2526.6063888434223,129.98128803245436,
in_sample_all_rows,bohr,theoretical,4617,626.8769251528224,156.87874026893135,
in_sample_all_rows,bohr,charge>=3,5526,623.8220466766356,147.8450831381641,
in_sample_all_rows,bohr,N<=10,1048,37.603083290302976,12.821574265515089,
in_sample_all_rows,bohr,Z>=55,4362,1517.4331117164525,171.6073111119544,
in_sample_all_rows,slater,ALL,5847,11.765188622442,7.484724637681158,
in_sample_all_rows,slater,neutral,108,51.801500338788856,29.18237907397789,
in_sample_all_rows,slater,H-like,110,5.99553414129041,4.171249681003547,
in_sample_all_rows,slater,experimental,311,31.01677163933229,18.310971142880874,
in_sample_all_rows,slater,semi-empirical,919,12.057511655378157,4.752412280701749,
in_sample_all_rows,slater,theoretical,4617,10.410220637707052,7.710957510472769,
in_sample_all_rows,slater,charge>=3,5526,10.195497423979056,7.056924700728157,
in_sample_all_rows,slater,N<=10,1048,4.886269904539568,2.304595108982107,
in_sample_all_rows,slater,Z>=55,4362,11.637941896579841,8.068883147320449,
in_sample_all_rows,cr,ALL,5847,119.63171411144485,18.661782125859325,
in_sample_all_rows,cr,neutral,108,2280.6942235638467,2165.923272141202,
in_sample_all_rows,cr,H-like,110,5.99553414129041,4.171249681003547,
in_sample_all_rows,cr,experimental,311,878.2880819528297,287.38449006830496,
in_sample_all_rows,cr,semi-empirical,919,202.90980936001029,14.314357797294996,
in_sample_all_rows,cr,theoretical,4617,51.95255016686994,17.888458221024255,
in_sample_all_rows,cr,charge>=3,5526,49.69813257752713,17.098018526591105,
in_sample_all_rows,cr,N<=10,1048,5.94616005915474,3.3463031665453196,
in_sample_all_rows,cr,Z>=55,4362,133.91156081124205,20.47371744066986,
in_sample_all_rows,zexp,ALL,5847,69.75200394973585,7.200775669235861,
in_sample_all_rows,zexp,neutral,108,1104.7354434759661,1031.6710247012102,
in_sample_all_rows,zexp,H-like,110,0.0011741687196366584,0.00015416914678952637,
in_sample_all_rows,zexp,experimental,311,430.9557844441002,180.21940459313518,
in_sample_all_rows,zexp,semi-empirical,919,127.04138329388964,4.365892871352204,
in_sample_all_rows,zexp,theoretical,4617,34.01812581436126,6.724487392898092,
in_sample_all_rows,zexp,charge>=3,5526,33.954585995860484,6.221773302958779,
in_sample_all_rows,zexp,N<=10,1048,1.7089642752921477,0.7119971120574686,
in_sample_all_rows,zexp,Z>=55,4362,77.78812201557317,7.424151013626389,
in_sample_all_rows,gshm,ALL,5847,1.5732029103554819,0.7372604735883381,
in_sample_all_rows,gshm,neutral,108,7.612361244132457,6.443021880747814,
in_sample_all_rows,gshm,H-like,110,0.1901628279391052,0.11849679992848053,
in_sample_all_rows,gshm,experimental,311,5.4148153464478606,3.950368455508365,
in_sample_all_rows,gshm,semi-empirical,919,2.1459442007272265,1.1805659703624338,
in_sample_all_rows,gshm,theoretical,4617,1.2004303928167408,0.6069109800617756,
in_sample_all_rows,gshm,charge>=3,5526,1.3111162154096807,0.6794308137209255,
in_sample_all_rows,gshm,N<=10,1048,0.698353645092352,0.33150174612390143,
in_sample_all_rows,gshm,Z>=55,4362,1.4755962067203219,0.6826543871549258,
in_sample_all_rows,u35,ALL,5847,1.484405880168598,0.7279468536089957,
in_sample_all_rows,u35,neutral,108,6.431950544037177,5.38813772826899,
in_sample_all_rows,u35,H-like,110,0.0011608008240878806,0.00013678600962625342,
in_sample_all_rows,u35,experimental,311,3.976667517162853,3.016264468930301,
in_sample_all_rows,u35,semi-empirical,919,1.64765180696932,0.6815638153097143,
in_sample_all_rows,u35,theoretical,4617,1.2840341288506254,0.6955818500638061,
in_sample_all_rows,u35,charge>=3,5526,1.2809200186715382,0.6868755785312484,
in_sample_all_rows,u35,N<=10,1048,0.4634674587964914,0.2000571931618259,
in_sample_all_rows,u35,Z>=55,4362,1.5798093232506343,0.7839100799998062,
in_sample_all_rows,pocket,ALL,5847,4.684366943446491,3.0434619876179494,
in_sample_all_rows,pocket,neutral,108,16.793243576028686,10.782663750770606,
in_sample_all_rows,pocket,H-like,110,1.1644037824748528,0.2413530164808003,
in_sample_all_rows,pocket,experimental,311,11.358140645925104,8.064775822319806,
in_sample_all_rows,pocket,semi-empirical,919,4.902068995866396,3.035287431839317,
in_sample_all_rows,pocket,theoretical,4617,4.191490225308144,2.8701815494551366,
in_sample_all_rows,pocket,charge>=3,5526,4.239880770388955,2.887415580296062,
in_sample_all_rows,pocket,N<=10,1048,2.3716666803545183,1.0397853897508988,
in_sample_all_rows,pocket,Z>=55,4362,4.699368725115923,3.090377485877147,
in_sample_all_rows,pa_bound9,ALL,5847,2.8970280282229592,1.3900532969943884,
in_sample_all_rows,pa_bound9,neutral,108,11.988462040969043,9.691565952316198,
in_sample_all_rows,pa_bound9,H-like,110,0.0011608008240878806,0.00013678600962625342,
in_sample_all_rows,pa_bound9,experimental,311,7.543999507267668,5.5003878470016225,
in_sample_all_rows,pa_bound9,semi-empirical,919,3.5547007536266877,1.3118154389013683,
in_sample_all_rows,pa_bound9,theoretical,4617,2.4531013735491616,1.2607706356668726,
in_sample_all_rows,pa_bound9,charge>=3,5526,2.5336264711057117,1.2564853449338562,
in_sample_all_rows,pa_bound9,N<=10,1048,0.5139984898241091,0.29496760267088207,
in_sample_all_rows,pa_bound9,Z>=55,4362,2.713651087020846,1.3582451472299248,
in_sample_all_rows,final,ALL,5847,1.8742082307997443,0.9400517066350373,
in_sample_all_rows,final,neutral,108,7.515447997344637,4.888027270678667,
in_sample_all_rows,final,H-like,110,0.0011608008240878806,0.00013678600962625342,
in_sample_all_rows,final,experimental,311,4.631122785383066,2.8559051845675607,
in_sample_all_rows,final,semi-empirical,919,2.1975085284014786,0.8289472232086645,
in_sample_all_rows,final,theoretical,4617,1.6241511807734506,0.9164200819901273,
in_sample_all_rows,final,charge>=3,5526,1.614269029462815,0.8611493309408145,
in_sample_all_rows,final,N<=10,1048,0.4394471252811951,0.2336944249445075,
in_sample_all_rows,final,Z>=55,4362,1.9192834302485193,0.9920546548846888,
in_sample_all_rows,kregar,ALL,5847,12.453396745580154,1.7081376829821693,
in_sample_all_rows,kregar,neutral,108,224.34202850165454,177.74486670075427,
in_sample_all_rows,kregar,H-like,110,0.19016288970382766,0.11849714076447548,
in_sample_all_rows,kregar,experimental,311,98.04874798104082,26.53838522258357,
in_sample_all_rows,kregar,semi-empirical,919,22.650789641801374,1.1251838199397526,
in_sample_all_rows,kregar,theoretical,4617,4.6579541842079335,1.6563834738378913,
in_sample_all_rows,kregar,charge>=3,5526,4.683479640681529,1.5374224681075224,
in_sample_all_rows,kregar,N<=10,1048,2.127871203507649,0.5972033831747658,
in_sample_all_rows,kregar,Z>=55,4362,13.63283498623254,2.0294788287682755,
in_sample_all_rows,mendoza,ALL,5011,2.8224731378549395,0.848122847624061,
in_sample_all_rows,mendoza,neutral,54,27.091713214486667,21.979364230870864,
in_sample_all_rows,mendoza,H-like,110,0.1901628719532642,0.11849714070406511,
in_sample_all_rows,mendoza,experimental,236,11.276112207652819,5.707544824055923,
in_sample_all_rows,mendoza,semi-empirical,811,3.085039225741789,0.5603311416921566,
in_sample_all_rows,mendoza,theoretical,3964,2.265460040541991,0.849713617187656,
in_sample_all_rows,mendoza,charge>=3,4837,2.2692066613972375,0.7728058568329719,
in_sample_all_rows,mendoza,N<=10,1048,0.39585058530753636,0.1725720268290144,
in_sample_all_rows,mendoza,Z>=55,3526,2.736812913119804,1.0012229821198206,
in_sample_all_rows,lsda,ALL,207,1.3190171924238512,0.7258952683901193,
in_sample_all_rows,lsda,neutral,54,3.3032773315452797,2.0945062234141085,
in_sample_all_rows,lsda,H-like,18,1.3626072762838064,0.9328547667562681,
in_sample_all_rows,lsda,experimental,97,2.087447073364995,1.2883472964415812,
in_sample_all_rows,lsda,semi-empirical,68,0.4117804999228815,0.26376533878479635,
in_sample_all_rows,lsda,theoretical,42,1.0131694933470645,0.8263739290219057,
in_sample_all_rows,lsda,charge>=3,120,0.5279087920816318,0.4159022271380353,
in_sample_all_rows,lsda,N<=10,135,0.8364397235443274,0.6405540220498196,
in_sample_all_rows,lsda,Z>=55,0,,,
common_mendoza_5011,bohr,ALL,5011,528.3599205509952,118.96021753265946,
common_mendoza_5011,bohr,neutral,54,8671.89644499289,7768.974533852897,
common_mendoza_5011,bohr,H-like,110,5.99553414129041,4.171249681003547,
common_mendoza_5011,bohr,experimental,236,3650.4553224337233,1936.0124543746563,
common_mendoza_5011,bohr,semi-empirical,811,862.346208570236,101.9535307757167,
common_mendoza_5011,bohr,theoretical,3964,274.1527070222546,111.44936350733656,
common_mendoza_5011,bohr,charge>=3,4837,330.26576920422383,111.15625538383583,
common_mendoza_5011,bohr,N<=10,1048,37.603083290302976,12.821574265515089,
common_mendoza_5011,bohr,Z>=55,3526,368.0482382540767,104.67547390425864,
common_mendoza_5011,slater,ALL,5011,9.718571734535267,6.615525936823826,
common_mendoza_5011,slater,neutral,54,52.884693901661095,34.86149501502786,
common_mendoza_5011,slater,H-like,110,5.99553414129041,4.171249681003547,
common_mendoza_5011,slater,experimental,236,26.372197795261588,14.90604661341181,
common_mendoza_5011,slater,semi-empirical,811,8.551747512757025,4.219635854341734,
common_mendoza_5011,slater,theoretical,3964,8.965806520996106,7.042763967437272,
common_mendoza_5011,slater,charge>=3,4837,8.788601313399957,6.421308970099673,
common_mendoza_5011,slater,N<=10,1048,4.886269904539568,2.304595108982107,
common_mendoza_5011,slater,Z>=55,3526,8.699208065575487,6.9854907500166945,
common_mendoza_5011,cr,ALL,5011,43.95137312596378,14.542974182444066,
common_mendoza_5011,cr,neutral,54,844.7576790536206,817.3610660121816,
common_mendoza_5011,cr,H-like,110,5.99553414129041,4.171249681003547,
common_mendoza_5011,cr,experimental,236,334.7521516819946,143.721200493331,
common_mendoza_5011,cr,semi-empirical,811,53.51576454619311,10.932674933017644,
common_mendoza_5011,cr,theoretical,3964,24.681518135794914,14.373825691659835,
common_mendoza_5011,cr,charge>=3,4837,27.892470866700393,14.012226540810666,
common_mendoza_5011,cr,N<=10,1048,5.94616005915474,3.3463031665453196,
common_mendoza_5011,cr,Z>=55,3526,29.74359800998975,14.743283871013748,
common_mendoza_5011,zexp,ALL,5011,27.334693188799534,4.947463235911929,
common_mendoza_5011,zexp,neutral,54,437.7793960680584,399.1849860872201,
common_mendoza_5011,zexp,H-like,110,0.0011741687196366584,0.00015416914678952637,
common_mendoza_5011,zexp,experimental,236,189.09919997668024,103.30713413565387,
common_mendoza_5011,zexp,semi-empirical,811,46.31173355162407,3.272684221287947,
common_mendoza_5011,zexp,theoretical,3964,13.821372468267088,4.816209501582916,
common_mendoza_5011,zexp,charge>=3,4837,16.941102269646112,4.554509750374684,
common_mendoza_5011,zexp,N<=10,1048,1.7089642752921477,0.7119971120574686,
common_mendoza_5011,zexp,Z>=55,3526,19.411789196511325,4.479709888369251,
common_mendoza_5011,gshm,ALL,5011,1.376943710241728,0.629542553191486,
common_mendoza_5011,gshm,neutral,54,9.085577447822155,6.52146588188774,
common_mendoza_5011,gshm,H-like,110,0.1901628279391052,0.11849679992848053,
common_mendoza_5011,gshm,experimental,236,5.269778847037057,3.64929104360092,
common_mendoza_5011,gshm,semi-empirical,811,1.8826833898219713,1.0893473029877654,
common_mendoza_5011,gshm,theoretical,3964,1.0417106193175922,0.5441446416511159,
common_mendoza_5011,gshm,charge>=3,4837,1.1866779493009665,0.5996096128751688,
common_mendoza_5011,gshm,N<=10,1048,0.698353645092352,0.33150174612390143,
common_mendoza_5011,gshm,Z>=55,3526,1.173538902123327,0.5617932935318053,
common_mendoza_5011,u35,ALL,5011,1.235180678009053,0.6284379521755317,
common_mendoza_5011,u35,neutral,54,6.2731800908910476,4.807075101039063,
common_mendoza_5011,u35,H-like,110,0.0011608008240878806,0.00013678600962625342,
common_mendoza_5011,u35,experimental,236,3.5620352554565557,2.5829937308922997,
common_mendoza_5011,u35,semi-empirical,811,1.205323460383708,0.5689246587863586,
common_mendoza_5011,u35,theoretical,3964,1.1027580047538914,0.6014293754960687,
common_mendoza_5011,u35,charge>=3,4837,1.1163364299231557,0.6020962859972148,
common_mendoza_5011,u35,N<=10,1048,0.4634674587964914,0.2000571931618259,
common_mendoza_5011,u35,Z>=55,3526,1.2482409144006918,0.652157890387897,
common_mendoza_5011,pocket,ALL,5011,4.4390510998176325,2.626559377267686,
common_mendoza_5011,pocket,neutral,54,20.918024812442166,15.999280238413272,
common_mendoza_5011,pocket,H-like,110,1.1644037824748528,0.2413530164808003,
common_mendoza_5011,pocket,experimental,236,11.399818724035487,8.586839002622156,
common_mendoza_5011,pocket,semi-empirical,811,4.43356644688195,2.765806587019619,
common_mendoza_5011,pocket,theoretical,3964,4.025758187157542,2.4076129378389908,
common_mendoza_5011,pocket,charge>=3,4837,4.099986583504267,2.5144359102895275,
common_mendoza_5011,pocket,N<=10,1048,2.3716666803545183,1.0397853897508988,
common_mendoza_5011,pocket,Z>=55,3526,4.354293227966583,2.480006856092113,
common_mendoza_5011,pa_bound9,ALL,5011,2.634310016539408,1.1945099290829966,
common_mendoza_5011,pa_bound9,neutral,54,11.452008283670377,8.802611579627545,
common_mendoza_5011,pa_bound9,H-like,110,0.0011608008240878806,0.00013678600962625342,
common_mendoza_5011,pa_bound9,experimental,236,7.1690250719025,5.244249347327441,
common_mendoza_5011,pa_bound9,semi-empirical,811,2.8770804233303315,1.162825411420653,
common_mendoza_5011,pa_bound9,theoretical,3964,2.3146633079185372,1.107383986650991,
common_mendoza_5011,pa_bound9,charge>=3,4837,2.4296516245454347,1.1371920648504055,
common_mendoza_5011,pa_bound9,N<=10,1048,0.5139984898241091,0.29496760267088207,
common_mendoza_5011,pa_bound9,Z>=55,3526,2.2968096010902648,1.0844690360826905,
common_mendoza_5011,final,ALL,5011,1.6226297907640108,0.7781918240930098,
common_mendoza_5011,final,neutral,54,8.366658985419152,6.512598549869667,
common_mendoza_5011,final,H-like,110,0.0011608008240878806,0.00013678600962625342,
common_mendoza_5011,final,experimental,236,4.374157741453034,2.3892695137689826,
common_mendoza_5011,final,semi-empirical,811,1.7784622560841794,0.7505982395311505,
common_mendoza_5011,final,theoretical,3964,1.4269333412843779,0.7228050170411427,
common_mendoza_5011,final,charge>=3,4837,1.4500381225369139,0.7272592241777754,
common_mendoza_5011,final,N<=10,1048,0.4394471252811951,0.2336944249445075,
common_mendoza_5011,final,Z>=55,3526,1.5724380824663646,0.7236887222128751,
common_mendoza_5011,kregar,ALL,5011,5.520748911879625,1.4097736578060853,
common_mendoza_5011,kregar,neutral,54,105.28958711652494,76.11512267097281,
common_mendoza_5011,kregar,H-like,110,0.19016288970382766,0.11849714076447548,
common_mendoza_5011,kregar,experimental,236,42.113618231205066,16.37508541325407,
common_mendoza_5011,kregar,semi-empirical,811,8.229166466297576,0.9255705615997036,
common_mendoza_5011,kregar,theoretical,3964,2.7880436152111723,1.4263455252300692,
common_mendoza_5011,kregar,charge>=3,4837,3.2990962646181083,1.316344127580823,
common_mendoza_5011,kregar,N<=10,1048,2.127871203507649,0.5972033831747658,
common_mendoza_5011,kregar,Z>=55,3526,4.060093090178094,1.6832671646925759,
common_mendoza_5011,mendoza,ALL,5011,2.8224731378549395,0.848122847624061,
common_mendoza_5011,mendoza,neutral,54,27.091713214486667,21.979364230870864,
common_mendoza_5011,mendoza,H-like,110,0.1901628719532642,0.11849714070406511,
common_mendoza_5011,mendoza,experimental,236,11.276112207652819,5.707544824055923,
common_mendoza_5011,mendoza,semi-empirical,811,3.085039225741789,0.5603311416921566,
common_mendoza_5011,mendoza,theoretical,3964,2.265460040541991,0.849713617187656,
common_mendoza_5011,mendoza,charge>=3,4837,2.2692066613972375,0.7728058568329719,
common_mendoza_5011,mendoza,N<=10,1048,0.39585058530753636,0.1725720268290144,
common_mendoza_5011,mendoza,Z>=55,3526,2.736812913119804,1.0012229821198206,
common_mendoza_5011,lsda,ALL,207,1.3190171924238512,0.7258952683901193,
common_mendoza_5011,lsda,neutral,54,3.3032773315452797,2.0945062234141085,
common_mendoza_5011,lsda,H-like,18,1.3626072762838064,0.9328547667562681,
common_mendoza_5011,lsda,experimental,97,2.087447073364995,1.2883472964415812,
common_mendoza_5011,lsda,semi-empirical,68,0.4117804999228815,0.26376533878479635,
common_mendoza_5011,lsda,theoretical,42,1.0131694933470645,0.8263739290219057,
common_mendoza_5011,lsda,charge>=3,120,0.5279087920816318,0.4159022271380353,
common_mendoza_5011,lsda,N<=10,135,0.8364397235443274,0.6405540220498196,
common_mendoza_5011,lsda,Z>=55,0,,,
common_dft_207,bohr,ALL,207,2453.5286855874147,209.93129124340638,
common_dft_207,bohr,neutral,54,8671.89644499289,7768.974533852897,
common_dft_207,bohr,H-like,18,0.14560837738868837,0.10771195097074285,
common_dft_207,bohr,experimental,97,5057.533012058596,1498.5475899458477,
common_dft_207,bohr,semi-empirical,68,246.73195443337383,133.74206759960884,
common_dft_207,bohr,theoretical,42,12.427686796229688,8.35891382828742,
common_dft_207,bohr,charge>=3,120,135.60197637492107,76.67213403463313,
common_dft_207,bohr,N<=10,135,179.87966436533137,84.189824912381,
common_dft_207,bohr,Z>=55,0,,,
common_dft_207,slater,ALL,207,16.026943015502493,2.2665646172825142,
common_dft_207,slater,neutral,54,52.884693901661095,34.86149501502786,
common_dft_207,slater,H-like,18,0.14560837738868837,0.10771195097074285,
common_dft_207,slater,experimental,97,32.28241108762148,10.817013231292155,
common_dft_207,slater,semi-empirical,68,2.4289817446529995,1.4510537464651714,
common_dft_207,slater,theoretical,42,0.5002992874601877,0.25886252777833163,
common_dft_207,slater,charge>=3,120,2.1604103145529456,1.1085404744471354,
common_dft_207,slater,N<=10,135,2.3412996193850644,1.1588510951979862,
common_dft_207,slater,Z>=55,0,,,
common_dft_207,cr,ALL,207,230.74681801407925,8.090784964660518,
common_dft_207,cr,neutral,54,844.7576790536206,817.3610660121816,
common_dft_207,cr,H-like,18,0.14560837738868837,0.10771195097074285,
common_dft_207,cr,experimental,97,481.34322874081096,43.99379127780746,
common_dft_207,cr,semi-empirical,68,15.330513362091624,5.585424668638435,
common_dft_207,cr,theoretical,42,0.7576960103217542,0.25886252777833163,
common_dft_207,cr,charge>=3,120,7.00717974889591,4.487627511531828,
common_dft_207,cr,N<=10,135,7.029013676870125,4.560195598640526,
common_dft_207,cr,Z>=55,0,,,
common_dft_207,zexp,ALL,207,123.18928010386931,8.39286244548035,
common_dft_207,zexp,neutral,54,437.7793960680584,399.1849860872201,
common_dft_207,zexp,H-like,18,1.6608997018086665e-06,5.824579498963699e-07,
common_dft_207,zexp,experimental,97,255.351538435965,82.81406263033068,
common_dft_207,zexp,semi-empirical,68,10.642885076848737,4.360309475612711,
common_dft_207,zexp,theoretical,42,0.17537066634827853,0.08610448383406664,
common_dft_207,zexp,charge>=3,120,5.43697453710677,2.03504334725909,
common_dft_207,zexp,N<=10,135,8.416565041307726,2.262601160639174,
common_dft_207,zexp,Z>=55,0,,,
common_dft_207,gshm,ALL,207,4.2243955090336405,2.1635931683818663,
common_dft_207,gshm,neutral,54,9.085577447822155,6.52146588188774,
common_dft_207,gshm,H-like,18,0.017786785058103792,0.01475791401938744,
common_dft_207,gshm,experimental,97,6.830832502145277,4.491942823045457,
common_dft_207,gshm,semi-empirical,68,2.998027559190018,2.129106207873959,
common_dft_207,gshm,theoretical,42,0.19031532468929493,0.0672867002987575,
common_dft_207,gshm,charge>=3,120,1.8932709822570386,1.444939396252293,
common_dft_207,gshm,N<=10,135,3.0707422701326297,1.839936634984153,
common_dft_207,gshm,Z>=55,0,,,
common_dft_207,u35,ALL,207,2.969346507448146,1.9326055062264595,
common_dft_207,u35,neutral,54,6.2731800908910476,4.807075101039063,
common_dft_207,u35,H-like,18,5.036877571206202e-06,3.971165097230994e-06,
common_dft_207,u35,experimental,97,4.94532698038314,3.62237577687237,
common_dft_207,u35,semi-empirical,68,1.4964132493787548,1.446564955561358,
common_dft_207,u35,theoretical,42,0.7905216425439622,0.4497809110151748,
common_dft_207,u35,charge>=3,120,1.4046378841512566,1.142795676172829,
common_dft_207,u35,N<=10,135,2.0653763204478137,1.4436411207530753,
common_dft_207,u35,Z>=55,0,,,
common_dft_207,pocket,ALL,207,10.433746148093615,6.695980004723727,
common_dft_207,pocket,neutral,54,20.918024812442166,15.999280238413272,
common_dft_207,pocket,H-like,18,0.01693121899800237,0.014496655488646013,
common_dft_207,pocket,experimental,97,16.408889786095312,12.242925292723877,
common_dft_207,pocket,semi-empirical,68,7.000568931947625,5.855543301670111,
common_dft_207,pocket,theoretical,42,2.192487048373682,0.17247820812782716,
common_dft_207,pocket,charge>=3,120,5.290431213623981,4.59545187935947,
common_dft_207,pocket,N<=10,135,7.605954033709201,5.600003432737805,
common_dft_207,pocket,Z>=55,0,,,
common_dft_207,pa_bound9,ALL,207,4.764369486327874,1.9792430873975198,
common_dft_207,pa_bound9,neutral,54,11.452008283670377,8.802611579627545,
common_dft_207,pa_bound9,H-like,18,5.036877571206202e-06,3.971165097230994e-06,
common_dft_207,pa_bound9,experimental,97,8.408002193464688,6.661677421461652,
common_dft_207,pa_bound9,semi-empirical,68,2.2767792451762654,1.3007305239689377,
common_dft_207,pa_bound9,theoretical,42,0.37684005313832525,0.12207632616788969,
common_dft_207,pa_bound9,charge>=3,120,1.7028395226720576,0.9941992114530194,
common_dft_207,pa_bound9,N<=10,135,1.786877690329527,1.0410045301339395,
common_dft_207,pa_bound9,Z>=55,0,,,
common_dft_207,final,ALL,207,3.3394015847744725,1.7008184415684493,
common_dft_207,final,neutral,54,8.366658985419152,6.512598549869667,
common_dft_207,final,H-like,18,5.036877571206202e-06,3.971165097230994e-06,
common_dft_207,final,experimental,97,5.686930388691149,3.5707608517042315,
common_dft_207,final,semi-empirical,68,1.8372425510070534,1.497462084806481,
common_dft_207,final,theoretical,42,0.34979492563796927,0.1436415116101024,
common_dft_207,final,charge>=3,120,1.229298330589056,1.1119128599671146,
common_dft_207,final,N<=10,135,1.63898397822111,1.1778059648409163,
common_dft_207,final,Z>=55,0,,,
common_dft_207,kregar,ALL,207,29.690212059810232,1.8066576889635433,
common_dft_207,kregar,neutral,54,105.28958711652494,76.11512267097281,
common_dft_207,kregar,H-like,18,0.017786983130624753,0.014757092358695965,
common_dft_207,kregar,experimental,97,61.95514956168294,16.196854566845417,
common_dft_207,kregar,semi-empirical,68,1.8998419039408299,0.9335340973861679,
common_dft_207,kregar,theoretical,42,0.16750331974994642,0.026223804984663847,
common_dft_207,kregar,charge>=3,120,1.5456950671098613,0.49106293871783596,
common_dft_207,kregar,N<=10,135,2.3618543454599266,0.5717525128297969,
common_dft_207,kregar,Z>=55,0,,,
common_dft_207,mendoza,ALL,207,7.9869536295005314,0.9133478016236649,
common_dft_207,mendoza,neutral,54,27.091713214486667,21.979364230870864,
common_dft_207,mendoza,H-like,18,0.01778687589542592,0.014757186174216185,
common_dft_207,mendoza,experimental,97,16.16498891767924,5.881041491162672,
common_dft_207,mendoza,semi-empirical,68,1.196973718629217,0.71235894745278,
common_dft_207,mendoza,theoretical,42,0.09288722440326434,0.02256236307318687,
common_dft_207,mendoza,charge>=3,120,0.6209304532612983,0.18671999208849366,
common_dft_207,mendoza,N<=10,135,1.5728463953069323,0.3028863156971681,
common_dft_207,mendoza,Z>=55,0,,,
common_dft_207,lsda,ALL,207,1.3190171924238512,0.7258952683901193,
common_dft_207,lsda,neutral,54,3.3032773315452797,2.0945062234141085,
common_dft_207,lsda,H-like,18,1.3626072762838064,0.9328547667562681,
common_dft_207,lsda,experimental,97,2.087447073364995,1.2883472964415812,
common_dft_207,lsda,semi-empirical,68,0.4117804999228815,0.26376533878479635,
common_dft_207,lsda,theoretical,42,1.0131694933470645,0.8263739290219057,
common_dft_207,lsda,charge>=3,120,0.5279087920816318,0.4159022271380353,
common_dft_207,lsda,N<=10,135,0.8364397235443274,0.6405540220498196,
common_dft_207,lsda,Z>=55,0,,,
heldout,bohr,V1,819,1050.267385236293,189.21885258964147,"results/model_comparison.csv [se_bohr]; n, medians and neutral cells filled from the same rows (no fit)"
heldout,bohr,V1_neutral,18,15947.176408187872,,"results/model_comparison.csv [se_bohr]; n, medians and neutral cells filled from the same rows (no fit)"
heldout,bohr,V2,495,1044.9318202392074,189.12097794117648,"results/model_comparison.csv [se_bohr]; n, medians and neutral cells filled from the same rows (no fit)"
heldout,bohr,V2_neutral,10,16676.42494193334,,"results/model_comparison.csv [se_bohr]; n, medians and neutral cells filled from the same rows (no fit)"
heldout,bohr,S1,1188,1317.3892529601248,165.59147217386652,"results/model_comparison.csv [se_bohr]; n, medians and neutral cells filled from the same rows (no fit)"
heldout,bohr,S1_neutral,21,22132.37764012907,,"results/model_comparison.csv [se_bohr]; n, medians and neutral cells filled from the same rows (no fit)"
heldout,bohr,S3,928,1399.1610459078504,194.01515966101695,"results/model_comparison.csv [se_bohr]; n, medians and neutral cells filled from the same rows (no fit)"
heldout,bohr,S3_neutral,18,23797.518236748285,,"results/model_comparison.csv [se_bohr]; n, medians and neutral cells filled from the same rows (no fit)"
heldout,bohr,S2,4362,1517.433111716452,171.6073111119544,"results/model_comparison.csv [se_bohr]; n, medians and neutral cells filled from the same rows (no fit)"
heldout,bohr,S2_neutral,54,37084.612178051415,,"results/model_comparison.csv [se_bohr]; n, medians and neutral cells filled from the same rows (no fit)"
heldout,bohr,selection_score,,1202.937376085869,,"results/model_comparison.csv [se_bohr]; n, medians and neutral cells filled from the same rows (no fit)"
heldout,slater,V1,819,13.414506471166968,6.957096018735361,"results/uni_validation.json [ref_slater_total]; n, medians and neutral cells filled from the same rows (no fit)"
heldout,slater,V1_neutral,18,60.99322737534523,,"results/uni_validation.json [ref_slater_total]; n, medians and neutral cells filled from the same rows (no fit)"
heldout,slater,V2,495,14.390786030380994,7.065346150481017,"results/uni_validation.json [ref_slater_total]; n, medians and neutral cells filled from the same rows (no fit)"
heldout,slater,V2_neutral,10,91.70560407809339,,"results/uni_validation.json [ref_slater_total]; n, medians and neutral cells filled from the same rows (no fit)"
heldout,slater,S1,1188,11.62920804579336,7.414118359492299,"results/uni_validation.json [ref_slater_total]; n, medians and neutral cells filled from the same rows (no fit)"
heldout,slater,S1_neutral,21,43.65741982324067,,"results/uni_validation.json [ref_slater_total]; n, medians and neutral cells filled from the same rows (no fit)"
heldout,slater,S3,928,12.35984347741029,7.720144636802903,"results/uni_validation.json [ref_slater_total]; n, medians and neutral cells filled from the same rows (no fit)"
heldout,slater,S3_neutral,18,53.586337870603984,,"results/uni_validation.json [ref_slater_total]; n, medians and neutral cells filled from the same rows (no fit)"
heldout,slater,S2,4362,11.637941896579834,8.068883147320449,"results/uni_validation.json [ref_slater_total]; n, medians and neutral cells filled from the same rows (no fit)"
heldout,slater,S2_neutral,54,50.71830677591666,,"results/uni_validation.json [ref_slater_total]; n, medians and neutral cells filled from the same rows (no fit)"
heldout,slater,selection_score,,12.948586006187902,,"results/uni_validation.json [ref_slater_total]; n, medians and neutral cells filled from the same rows (no fit)"
heldout,cr,V1,819,87.09298053921349,14.982631264916465,"results/model_comparison.csv [se_cr_total]; n, medians and neutral cells filled from the same rows (no fit)"
heldout,cr,V1_neutral,18,1515.4170314010828,,"results/model_comparison.csv [se_cr_total]; n, medians and neutral cells filled from the same rows (no fit)"
heldout,cr,V2,495,77.32913905268717,14.55632229084784,"results/model_comparison.csv [se_cr_total]; n, medians and neutral cells filled from the same rows (no fit)"
heldout,cr,V2_neutral,10,1306.4935684353525,,"results/model_comparison.csv [se_cr_total]; n, medians and neutral cells filled from the same rows (no fit)"
heldout,cr,S1,1188,116.31755369054368,18.4410856216665,"results/model_comparison.csv [se_cr_total]; n, medians and neutral cells filled from the same rows (no fit)"
heldout,cr,S1_neutral,21,2273.8646956350653,,"results/model_comparison.csv [se_cr_total]; n, medians and neutral cells filled from the same rows (no fit)"
heldout,cr,S3,928,118.71965842536079,21.30532987876484,"results/model_comparison.csv [se_cr_total]; n, medians and neutral cells filled from the same rows (no fit)"
heldout,cr,S3_neutral,18,2144.909884442706,,"results/model_comparison.csv [se_cr_total]; n, medians and neutral cells filled from the same rows (no fit)"
heldout,cr,S2,4362,133.911560811242,20.47371744066986,"results/model_comparison.csv [se_cr_total]; n, medians and neutral cells filled from the same rows (no fit)"
heldout,cr,S2_neutral,54,3716.630768074072,,"results/model_comparison.csv [se_cr_total]; n, medians and neutral cells filled from the same rows (no fit)"
heldout,cr,selection_score,,99.86483292695127,,"results/model_comparison.csv [se_cr_total]; n, medians and neutral cells filled from the same rows (no fit)"
heldout,zexp,V1,819,53.39116122412714,7.857924917036524,"results/model_comparison.csv [fp_zexp]; n, medians and neutral cells filled from the same rows (no fit)"
heldout,zexp,V1_neutral,18,816.103554903661,,"results/model_comparison.csv [fp_zexp]; n, medians and neutral cells filled from the same rows (no fit)"
heldout,zexp,V2,495,53.985814722136915,7.730987498358405,"results/model_comparison.csv [fp_zexp]; n, medians and neutral cells filled from the same rows (no fit)"
heldout,zexp,V2_neutral,10,866.5346037679235,,"results/model_comparison.csv [fp_zexp]; n, medians and neutral cells filled from the same rows (no fit)"
heldout,zexp,S1,1188,68.33739459771319,6.9966112131803655,"results/model_comparison.csv [fp_zexp]; n, medians and neutral cells filled from the same rows (no fit)"
heldout,zexp,S1_neutral,21,1092.1286918769615,,"results/model_comparison.csv [fp_zexp]; n, medians and neutral cells filled from the same rows (no fit)"
heldout,zexp,S3,928,74.25015657132823,8.339713183114526,"results/model_comparison.csv [fp_zexp]; n, medians and neutral cells filled from the same rows (no fit)"
heldout,zexp,S3_neutral,18,1170.6236825002916,,"results/model_comparison.csv [fp_zexp]; n, medians and neutral cells filled from the same rows (no fit)"
heldout,zexp,S2,4362,77.78812201557315,7.424151013626389,"results/model_comparison.csv [fp_zexp]; n, medians and neutral cells filled from the same rows (no fit)"
heldout,zexp,S2_neutral,54,1771.691490883874,,"results/model_comparison.csv [fp_zexp]; n, medians and neutral cells filled from the same rows (no fit)"
heldout,zexp,selection_score,,62.491131778826364,,"results/model_comparison.csv [fp_zexp]; n, medians and neutral cells filled from the same rows (no fit)"
heldout,gshm,V1,819,34.12981884495769,2.2978847180520146,results/uni_validation.json [ref_gshm]
heldout,gshm,V1_neutral,18,401.27834773813896,,results/uni_validation.json [ref_gshm]
heldout,gshm,V2,495,1.6521557450005386,1.2546621981991175,results/uni_validation.json [ref_gshm]
heldout,gshm,V2_neutral,10,7.235324284449537,,results/uni_validation.json [ref_gshm]
heldout,gshm,S1,1188,1.5871301875245225,0.7279014674384152,results/uni_validation.json [ref_gshm]
heldout,gshm,S1_neutral,21,6.702692574512779,,results/uni_validation.json [ref_gshm]
heldout,gshm,S3,928,1.7000033227022553,0.8015377022158996,results/uni_validation.json [ref_gshm]
heldout,gshm,S3_neutral,18,8.117595263044695,,results/uni_validation.json [ref_gshm]
heldout,gshm,S2,4362,170.2696093481183,3.512673810112415,results/uni_validation.json [ref_gshm]
heldout,gshm,S2_neutral,54,7393.126785569313,,results/uni_validation.json [ref_gshm]
heldout,gshm,selection_score,,9.767277025046253,,results/uni_validation.json [ref_gshm]
heldout,u35,V1,819,26.390760544773798,1.1221130289658798,results/uni_validation.json [ref_u35]
heldout,u35,V1_neutral,18,378.45546496770675,,results/uni_validation.json [ref_u35]
heldout,u35,V2,495,1.484145634472283,0.8267288630963154,results/uni_validation.json [ref_u35]
heldout,u35,V2_neutral,10,9.735942583108427,,results/uni_validation.json [ref_u35]
heldout,u35,S1,1188,1.5157040923113447,0.7437979394466332,results/uni_validation.json [ref_u35]
heldout,u35,S1_neutral,21,5.419944687933459,,results/uni_validation.json [ref_u35]
heldout,u35,S3,928,1.649065950388561,0.7887357145476226,results/uni_validation.json [ref_u35]
heldout,u35,S3_neutral,18,6.886721162424718,,results/uni_validation.json [ref_u35]
heldout,u35,S2,4362,57.23312130469542,1.998713324449422,results/uni_validation.json [ref_u35]
heldout,u35,S2_neutral,54,3831.339832778423,,results/uni_validation.json [ref_u35]
heldout,u35,selection_score,,7.759919055486497,,results/uni_validation.json [ref_u35]
heldout,pocket,V1,819,4418597.62646313,2.3278608272123775,results/uni_validation.json [ref_pocket]
heldout,pocket,V1_neutral,18,201046016.10956532,,results/uni_validation.json [ref_pocket]
heldout,pocket,V2,495,2.5540823843276437,1.2655402183442224,results/uni_validation.json [ref_pocket]
heldout,pocket,V2_neutral,10,22.832580405666818,,results/uni_validation.json [ref_pocket]
heldout,pocket,S1,1188,4.624981841357159,3.0386058033734678,results/uni_validation.json [ref_pocket]
heldout,pocket,S1_neutral,21,13.08817271379032,,results/uni_validation.json [ref_pocket]
heldout,pocket,S3,928,5.242225915126778,3.897407491324227,results/uni_validation.json [ref_pocket]
heldout,pocket,S3_neutral,18,12.393870243168799,,results/uni_validation.json [ref_pocket]
heldout,pocket,S2,4362,11.333892967320772,2.0399554834485243,results/uni_validation.json [ref_pocket]
heldout,pocket,S2_neutral,54,12.336176080572342,,results/uni_validation.json [ref_pocket]
heldout,pocket,selection_score,,1104652.5119383177,,results/uni_validation.json [ref_pocket]
heldout,pa_bound9,V1,819,2.158373579647754,0.8005797386463999,results/pa_validation.json [pa_bound9]
heldout,pa_bound9,V1_neutral,18,11.36152566256481,,results/pa_validation.json [pa_bound9]
heldout,pa_bound9,V2,495,1.9492386865053832,0.7839227065437098,results/pa_validation.json [pa_bound9]
heldout,pa_bound9,V2_neutral,10,17.862358801673132,,results/pa_validation.json [pa_bound9]
heldout,pa_bound9,S1,1188,2.8993055307461777,1.390581794175863,results/pa_validation.json [pa_bound9]
heldout,pa_bound9,S1_neutral,21,11.295375272272027,,results/pa_validation.json [pa_bound9]
heldout,pa_bound9,S3,928,3.049931052102135,1.6342676924303219,results/pa_validation.json [pa_bound9]
heldout,pa_bound9,S3_neutral,18,9.318727661707868,,results/pa_validation.json [pa_bound9]
heldout,pa_bound9,S2,4362,7.801809488681311,1.6880999935977772,results/pa_validation.json [pa_bound9]
heldout,pa_bound9,S2_neutral,54,27.971371958823358,,results/pa_validation.json [pa_bound9]
heldout,pa_bound9,selection_score,,2.5142122122503627,,results/pa_validation.json [pa_bound9]
heldout,final,V1,819,3.085373408419649,1.2541759612511147,results/uni_validation.json [final]
heldout,final,V1_neutral,18,12.466176885466801,,results/uni_validation.json [final]
heldout,final,V2,495,1.6028811386989925,0.865593532747223,results/uni_validation.json [final]
heldout,final,V2_neutral,10,14.167877784059277,,results/uni_validation.json [final]
heldout,final,S1,1188,1.909133819840482,0.9692532356651737,results/uni_validation.json [final]
heldout,final,S1_neutral,21,6.70931203793803,,results/uni_validation.json [final]
heldout,final,S3,928,1.9951659554350207,1.0228344877436275,results/uni_validation.json [final]
heldout,final,S3_neutral,18,7.94909233948894,,results/uni_validation.json [final]
heldout,final,S2,4362,6.603116043006734,1.6161708519593627,results/uni_validation.json [final]
heldout,final,S2_neutral,54,21.758869934509182,,results/uni_validation.json [final]
heldout,final,selection_score,,2.148138580598536,,results/uni_validation.json [final]
heldout,kregar,V1,819,8.952761702829928,0.9216094987452668,"computed here: MAPE on the split's test rows, no fit (nothing held out)"
heldout,kregar,V1_neutral,18,157.01560217486835,,"computed here: MAPE on the split's test rows, no fit (nothing held out)"
heldout,kregar,V2,495,7.587076263755804,0.9085332886187992,"computed here: MAPE on the split's test rows, no fit (nothing held out)"
heldout,kregar,V2_neutral,10,140.76261324479543,,"computed here: MAPE on the split's test rows, no fit (nothing held out)"
heldout,kregar,S1,1188,12.215680702210479,1.7145108152034405,"computed here: MAPE on the split's test rows, no fit (nothing held out)"
heldout,kregar,S1_neutral,21,215.1539219001785,,"computed here: MAPE on the split's test rows, no fit (nothing held out)"
heldout,kregar,S3,928,12.150821339148852,1.968089964420499,"computed here: MAPE on the split's test rows, no fit (nothing held out)"
heldout,kregar,S3_neutral,18,166.36417623136538,,"computed here: MAPE on the split's test rows, no fit (nothing held out)"
heldout,kregar,S2,4362,13.63283498623254,2.0294788287682755,"computed here: MAPE on the split's test rows, no fit (nothing held out)"
heldout,kregar,S2_neutral,54,343.39446988678407,,"computed here: MAPE on the split's test rows, no fit (nothing held out)"
heldout,kregar,selection_score,,10.226585001986265,,"computed here: MAPE on the split's test rows, no fit (nothing held out)"
heldout,mendoza,V1,819,2.7198148869037366,0.5479173410404692,"computed here: MAPE on the split's test rows, no fit (nothing held out)"
heldout,mendoza,V1_neutral,18,33.58161774105479,,"computed here: MAPE on the split's test rows, no fit (nothing held out)"
heldout,mendoza,V2,495,2.667816875552887,0.5551270124257214,"computed here: MAPE on the split's test rows, no fit (nothing held out)"
heldout,mendoza,V2_neutral,10,31.43806158632094,,"computed here: MAPE on the split's test rows, no fit (nothing held out)"
heldout,mendoza,S1,1016,2.82960684967968,0.8527725164967518,"computed here: MAPE on the split's test rows, no fit (nothing held out)"
heldout,mendoza,S1_neutral,10,28.490698040309006,,"computed here: MAPE on the split's test rows, no fit (nothing held out)"
heldout,mendoza,S3,793,3.0161167942714995,1.0742685039370072,"computed here: MAPE on the split's test rows, no fit (nothing held out)"
heldout,mendoza,S3_neutral,9,31.502123972160057,,"computed here: MAPE on the split's test rows, no fit (nothing held out)"
heldout,mendoza,S2,3526,2.736812913119804,1.0012229821198206,"computed here: MAPE on the split's test rows, no fit (nothing held out)"
heldout,mendoza,selection_score,,,,"computed here: MAPE on the split's test rows, no fit (nothing held out)"
heldout,lsda,V1,18,3.402010256329019,2.239178730617773,"results/model_comparison.csv [fp_dft]; n, medians and neutral cells filled from the same rows (no fit)"
heldout,lsda,V1_neutral,18,3.4020102563290195,,"results/model_comparison.csv [fp_dft]; n, medians and neutral cells filled from the same rows (no fit)"
heldout,lsda,V2,10,3.2898500337115273,1.9287147394849837,"results/model_comparison.csv [fp_dft]; n, medians and neutral cells filled from the same rows (no fit)"
heldout,lsda,V2_neutral,10,3.2898500337115273,,"results/model_comparison.csv [fp_dft]; n, medians and neutral cells filled from the same rows (no fit)"
heldout,lsda,S1,37,1.0019549283955633,0.7176220210305216,"results/model_comparison.csv [fp_dft]; n, medians and neutral cells filled from the same rows (no fit)"
heldout,lsda,S1_neutral,10,2.032734354603981,,"results/model_comparison.csv [fp_dft]; n, medians and neutral cells filled from the same rows (no fit)"
heldout,lsda,S3,27,1.3887338452630063,0.4396121465482268,"results/model_comparison.csv [fp_dft]; n, medians and neutral cells filled from the same rows (no fit)"
heldout,lsda,S3_neutral,9,3.3450324953982165,,"results/model_comparison.csv [fp_dft]; n, medians and neutral cells filled from the same rows (no fit)"
heldout,lsda,S2,0,,,"results/model_comparison.csv [fp_dft]; n, medians and neutral cells filled from the same rows (no fit)"
heldout,lsda,selection_score,,,,"results/model_comparison.csv [fp_dft]; n, medians and neutral cells filled from the same rows (no fit)"
slater_ratio,slater/final,all-data MAPE,,6.277418073989394,,
slater_ratio,slater/final,all-data median APE,,7.962035050681529,,
slater_ratio,slater/final,neutral first IE MAPE (all-data fit),,6.892669652839245,,
slater_ratio,slater/final,experimental rows MAPE (all-data fit),,6.697462597456639,,
slater_ratio,slater/final,charge>=3 MAPE (all-data fit),,6.3158601434432775,,
slater_ratio,slater/final,blind S2 MAPE,,1.7624924082479834,,
slater_ratio,slater/final,blind S2 median APE,,4.992592916484138,,
slater_ratio,slater/final,blind S2 neutral MAPE,,2.3309255916585228,,
slater_ratio,slater/pa_bound9,all-data MAPE,,4.0611235058222,,
slater_ratio,slater/pa_bound9,all-data median APE,,5.384487525668861,,
slater_ratio,slater/pa_bound9,neutral first IE MAPE (all-data fit),,4.320946269985576,,
slater_ratio,slater/pa_bound9,experimental rows MAPE (all-data fit),,4.111449319349987,,
slater_ratio,slater/pa_bound9,charge>=3 MAPE (all-data fit),,4.024072822198448,,
slater_ratio,slater/pa_bound9,blind S2 MAPE,,1.4916977802987752,,
slater_ratio,slater/pa_bound9,blind S2 median APE,,4.779860895635438,,
slater_ratio,slater/pa_bound9,blind S2 neutral MAPE,,1.8132219917771302,,
slater_ratio,slater/pocket,all-data MAPE,,2.5115856132709027,,
slater_ratio,slater/pocket,all-data median APE,,2.459279816252703,,
slater_ratio,slater/pocket,neutral first IE MAPE (all-data fit),,3.084663192328865,,
slater_ratio,slater/pocket,experimental rows MAPE (all-data fit),,2.730796580729083,,
slater_ratio,slater/pocket,charge>=3 MAPE (all-data fit),,2.4046660687214914,,
slater_ratio,slater/pocket,blind S2 MAPE,,1.0268265220199038,,
slater_ratio,slater/pocket,blind S2 median APE,,3.955421190701712,,
slater_ratio,slater/pocket,blind S2 neutral MAPE,,4.111347507092616,,
