Z,N,IE_pred_eV
1,1,13.345162
2,2,24.559835
2,1,53.582696
3,3,5.584705
3,2,75.205194
3,1,120.958548
4,4,9.052003
4,3,18.450514
4,2,152.940596
4,1,215.512000
5,5,8.479978
5,4,24.641012
5,3,38.175245
5,2,257.821982
5,1,337.257100
6,6,11.652568
6,5,24.611800
6,4,47.096250
6,3,64.715723
6,2,389.873801
6,1,486.200569
7,7,14.873763
7,6,30.072972
7,5,47.702289
7,4,76.373539
7,3,98.061489
7,2,549.108920
7,1,662.346167
8,8,13.789497
8,7,35.459331
8,6,55.475845
8,5,77.667917
8,4,112.458864
8,3,138.209328
8,2,735.534942
8,1,865.696218
9,9,17.933014
9,8,35.081283
9,7,63.050591
9,6,87.772900
9,5,114.475258
9,4,155.347020
9,3,185.158203
9,2,949.156745
9,1,1096.252260
10,10,22.044840
10,9,41.481208
10,8,63.445352
10,7,97.553813
10,6,126.926169
10,5,158.108184
10,4,205.035963
10,3,238.907837
10,2,1189.977645
10,1,1354.015369
11,11,5.435638
11,10,47.716277
11,9,72.132487
11,8,98.755835
11,7,138.926727
11,6,172.916044
11,5,208.558021
11,4,261.524922
11,3,299.458241
11,2,1457.999997
11,1,1638.986325
12,12,7.725821
12,11,15.458960
12,10,80.524347
12,9,109.752421
12,8,140.957221
12,7,187.146614
12,6,225.731305
12,5,265.819750
12,4,324.813680
12,3,366.809536
12,2,1753.225537
12,1,1951.165712
13,13,5.955403
13,12,18.928127
13,11,28.956342
13,10,120.324798
13,9,154.279491
13,8,190.019892
13,7,242.199986
13,6,285.365071
13,5,329.890295
13,4,394.902267
13,3,440.961876
13,2,2075.655581
13,1,2290.553981
14,14,8.222275
14,13,16.315888
14,12,33.581309
14,11,45.707437
14,10,167.049512
14,9,205.680166
14,8,245.926254
14,7,304.078288
14,6,351.812897
14,5,400.767694
14,4,471.790822
14,3,521.915412
14,2,2425.291149
14,1,2657.151485
15,15,10.482627
15,14,19.838697
15,13,30.169186
15,12,51.494608
15,11,65.621785
15,10,220.660701
15,9,263.934179
15,8,308.665099
15,7,372.775822
15,6,425.071799
15,5,478.450650
15,4,555.479524
15,3,609.670296
15,2,2802.133065
15,1,3050.958509
16,16,10.493889
16,15,23.304526
16,14,34.911542
16,13,47.318915
16,12,72.580196
16,11,88.652677
16,10,281.135231
16,9,329.028405
16,8,378.228918
16,7,448.288649
16,6,505.139701
16,5,562.938287
16,4,645.968567
16,3,704.226663
16,2,3206.181952
16,1,3471.975282
17,17,13.194194
17,16,23.927095
17,15,39.557428
17,14,53.270477
17,13,67.669426
17,12,96.790333
17,11,114.772791
17,10,348.457950
17,9,400.953917
17,8,454.612484
17,7,530.613960
17,6,592.015134
17,5,654.229993
17,4,743.258139
17,3,805.584635
17,2,3637.438357
17,1,3920.201995
18,18,15.879923
18,17,27.845554
18,16,40.814385
18,15,59.089425
18,14,74.828474
18,13,91.166552
18,12,124.096275
18,11,143.964810
18,10,422.618441
18,9,479.704406
18,8,537.812045
18,7,619.749702
18,6,685.697019
18,5,752.325347
18,4,847.348413
18,3,913.744322
18,2,4095.902722
18,1,4395.638806
19,19,4.572486
20,20,6.208118
21,21,6.597660
22,22,6.873239
23,23,7.100123
24,24,7.446079
25,25,7.483457
26,26,8.033766
27,27,8.503219
28,28,8.921517
29,29,8.368815
30,30,9.665334
31,31,6.012983
32,32,8.016827
33,33,9.930819
34,34,9.884407
35,35,12.088695
36,36,14.223282
37,37,4.361639
38,38,5.773954
39,39,6.815348
40,40,6.524350
41,41,7.022357
42,42,7.283647
43,43,7.032200
44,44,7.525546
45,45,7.580246
46,46,9.274887
47,47,7.645467
48,48,8.833116
49,49,5.740106
50,50,7.449679
51,51,9.051148
52,52,9.034022
53,53,10.822092
54,54,12.534899
