Z,N,IE_pred_eV,IE_TS_eV,IE_HOMO_eV,converged
1,1,13.025295,13.345162,7.319189,1
2,2,24.303381,24.559835,15.522047,1
2,1,52.836426,53.582696,41.099783,1
3,3,5.473254,5.584705,3.164823,1
3,2,74.580027,75.205194,59.600453,1
3,1,119.785961,120.958548,101.995076,1
4,4,9.025942,9.052003,5.598574,1
4,3,18.253829,18.450514,14.299101,1
4,2,151.935422,152.940596,130.793007,1
4,1,213.913405,215.512000,190.060653,1
5,5,8.580799,8.479978,4.104922,1
5,4,24.553090,24.641012,19.407050,1
5,3,37.900040,38.175245,32.360050,1
5,2,256.428938,257.821982,229.141758,1
5,1,335.232720,337.257100,305.314585,1
6,6,11.772137,11.652568,6.192129,1
6,5,24.689229,24.611800,17.831630,1
6,4,46.948259,47.096250,40.155901,1
6,3,64.363947,64.715723,57.257839,1
6,2,388.087343,389.873801,354.667080,1
6,1,483.750562,486.200569,447.765100,1
7,7,15.004122,14.873763,8.404181,1
7,6,30.174944,30.072972,22.126901,1
7,5,47.763820,47.702289,38.630401,1
7,4,76.164907,76.373539,67.756961,1
7,3,97.633945,98.061489,88.970173,1
7,2,546.924955,549.108920,507.379916,1
7,1,659.470646,662.346167,617.416652,1
8,8,13.896544,13.789497,7.410998,1
8,7,35.573602,35.459331,26.448500,1
8,6,55.567806,55.475845,45.155830,1
8,5,77.715557,77.667917,66.346760,1
8,4,112.188615,112.458864,102.181675,1
8,3,137.706411,138.209328,127.489451,1
8,2,732.950334,735.534942,687.286765,1
8,1,862.395266,865.696218,814.271942,1
9,9,18.061956,17.933014,10.447826,1
9,8,35.159938,35.081283,26.193138,1
9,7,63.156452,63.050591,51.613332,1
9,6,87.857069,87.772900,75.122781,1
9,5,114.509878,114.475258,100.926933,1
9,4,155.014173,155.347020,143.418536,1
9,3,184.580128,185.158203,172.812642,1
9,2,946.169010,949.156745,894.391797,1
9,1,1092.525943,1096.252260,1038.332726,1
10,10,22.187269,22.044840,13.552199,1
10,9,41.587074,41.481208,31.393723,1
10,8,63.506135,63.445352,52.203520,1
10,7,97.653672,97.553813,83.737142,1
10,6,127.003534,126.926169,111.969281,1
10,5,158.130250,158.108184,142.345955,1
10,4,204.639619,205.035963,191.462284,1
10,3,238.254732,238.907837,224.938432,1
10,2,1186.584767,1189.977645,1128.697839,1
10,1,1349.863736,1354.015369,1289.600216,1
11,11,5.368412,5.435638,3.080453,1
11,10,47.836883,47.716277,36.554747,1
11,9,72.225682,72.132487,59.601593,1
11,8,98.801894,98.755835,85.221724,1
11,7,139.021672,138.926727,122.756022,1
11,6,172.987144,172.916044,155.666663,1
11,5,208.567811,208.558021,190.590552,1
11,4,261.064284,261.524922,246.310314,1
11,3,298.730185,299.458241,283.866242,1
11,2,1454.200308,1457.999997,1390.206915,1
11,1,1634.409417,1638.986325,1568.075281,1
12,12,7.720888,7.725821,4.773601,1
12,11,15.351451,15.458960,11.982957,1
12,10,80.633697,80.524347,66.860128,1
12,9,109.836401,109.752421,94.844452,1
12,8,140.989902,140.957221,125.163184,1
12,7,187.237238,187.146614,168.637559,1
12,6,225.796470,225.731305,206.198908,1
12,5,265.817441,265.819750,245.653039,1
12,4,324.288045,324.813680,307.961284,1
12,3,366.006576,366.809536,349.595830,1
12,2,1749.017632,1753.225537,1678.920460,1
12,1,1946.163562,1951.165712,1873.758569,1
13,13,6.001776,5.955403,3.027190,1
13,12,18.892733,18.928127,14.890365,1
13,11,28.819298,28.956342,24.542235,1
13,10,120.426572,120.324798,104.229895,1
13,9,154.355816,154.279491,137.029973,1
13,8,190.039888,190.019892,171.985666,1
13,7,242.286652,242.199986,221.363094,1
13,6,285.424517,285.365071,263.556311,1
13,5,329.876006,329.890295,307.528679,1
13,4,394.311014,394.902267,376.414480,1
13,3,440.084041,440.961876,422.127118,1
13,2,2071.038260,2075.655581,1994.839614,1
13,1,2285.126617,2290.553981,2206.650574,1
14,14,8.276931,8.222275,4.631832,1
14,13,16.345295,16.315888,12.141437,1
14,12,33.522391,33.581309,28.600781,1
14,11,45.544269,45.707437,40.425731,1
14,10,167.145403,167.049512,148.563020,1
14,9,205.749670,205.680166,186.110883,1
14,8,245.933966,245.926254,225.665001,1
14,7,304.161235,304.078288,280.921004,1
14,6,351.866775,351.812897,327.732639,1
14,5,400.741509,400.767694,376.214424,1
14,4,471.133399,471.790822,451.669533,1
14,3,520.962726,521.915412,501.460098,1
14,2,2420.263376,2425.291149,2337.965258,1
14,1,2651.298930,2657.151485,2566.751681,1
15,15,10.540138,10.482627,6.296112,1
15,14,19.879470,19.838697,15.014955,1
15,13,30.189970,30.169186,24.906969,1
15,12,51.414634,51.494608,45.635776,1
15,11,65.434033,65.621785,59.508737,1
15,10,220.751628,220.660701,199.806740,1
15,9,263.997362,263.934179,242.059678,1
15,8,308.660776,308.665099,286.186134,1
15,7,372.855218,372.775822,347.303634,1
15,6,425.120218,425.071799,398.723716,1
15,5,478.412629,478.450650,451.708226,1
15,4,554.755443,555.479524,533.726258,1
15,3,608.642771,609.670296,587.594813,1
15,2,2796.693923,2802.133065,2708.298041,1
15,1,3044.680781,3050.958509,2954.062200,1
16,16,10.541910,10.493889,6.211962,1
16,15,23.349915,23.304526,17.892735,1
16,14,34.945330,34.911542,28.988742,1
16,13,47.333586,47.318915,41.036782,1
16,12,72.480247,72.580196,65.878709,1
16,11,88.441171,88.652677,81.729893,1
16,10,281.221745,281.135231,257.929951,1
16,9,329.085591,329.028405,304.858983,1
16,8,378.212721,378.228918,353.539127,1
16,7,448.364615,448.288649,420.505728,1
16,6,505.182746,505.139701,476.526641,1
16,5,562.888475,562.938287,534.008676,1
16,4,645.177388,645.968567,622.584579,1
16,3,703.124306,704.226663,680.531318,1
16,2,3200.330659,3206.181952,3105.838532,1
16,1,3465.272399,3471.975282,3368.582379,1
17,17,13.249262,13.194194,8.289426,1
17,16,23.959557,23.927095,18.429952,1
17,15,39.596592,39.557428,33.039518,1
17,14,53.299619,53.270477,46.310278,1
17,13,67.679124,67.669426,60.405155,1
17,12,96.670926,96.790333,89.268361,1
17,11,114.538033,114.772791,107.054370,1
17,10,348.540409,348.457950,322.912802,1
17,9,401.005326,400.953917,374.497181,1
17,8,454.584524,454.612484,427.717126,1
17,7,530.686587,530.613960,500.523559,1
17,6,592.052864,592.015134,561.139346,1
17,5,654.168425,654.229993,623.114777,1
17,4,742.399466,743.258139,718.244479,1
17,3,804.407451,805.584635,780.269676,1
17,2,3631.174207,3637.438357,3530.587179,1
17,1,3913.073971,3920.201995,3810.312422,1
18,18,15.939218,15.879923,10.403727,1
18,17,27.887432,27.845554,21.712533,1
18,16,40.837896,40.814385,34.229786,1
18,15,59.124535,59.089425,51.523108,1
18,14,74.854081,74.828474,66.866296,1
18,13,91.171898,91.166552,82.943866,1
18,12,123.957659,124.096275,115.768718,1
18,11,143.707124,143.964810,135.460545,1
18,10,422.697090,422.618441,394.741897,1
18,9,479.750195,479.704406,450.966160,1
18,8,537.772400,537.812045,508.715245,1
18,7,619.819060,619.749702,587.354408,1
18,6,685.729482,685.697019,652.560310,1
18,5,752.252044,752.325347,719.025808,1
18,4,846.421893,847.348413,820.705973,1
18,3,912.492312,913.744322,886.809953,1
18,2,4089.225083,4095.902722,3982.544352,1
18,1,4388.085653,4395.638806,4279.252499,1
19,19,4.531404,4.572486,2.617772,1
20,20,6.210933,6.208118,3.847977,1
21,21,6.601629,6.597660,4.105705,1
22,22,6.877685,6.873239,4.261931,1
23,23,5.942051,7.100123,4.384422,1
24,24,7.461972,7.446079,4.532306,1
25,25,7.487720,7.483457,4.587673,1
26,26,8.042175,8.033766,4.969140,1
27,27,7.370348,8.503219,5.285863,1
28,28,6.668586,8.921517,5.565342,1
29,29,8.387033,8.368815,5.007243,1
30,30,9.686161,9.665334,6.060650,1
31,31,6.062265,6.012983,2.998685,1
32,32,8.068800,8.016827,4.509369,1
33,33,9.981739,9.930819,5.995511,1
34,34,9.926788,9.884407,5.928020,1
35,35,12.133934,12.088695,7.687445,1
36,36,14.269979,14.223282,9.424401,1
37,37,4.329741,4.361639,2.506819,1
38,38,5.778620,5.773954,3.586264,1
39,39,6.901030,6.815348,3.171719,1
40,40,6.532928,6.524350,4.088581,1
41,41,7.039040,7.022357,4.377034,1
42,42,7.301718,7.283647,4.505505,1
43,43,7.040890,7.032200,4.336501,1
44,44,7.543869,7.525546,4.591662,1
45,45,7.598406,7.580246,4.585344,1
46,46,9.376242,9.274887,4.374799,1
47,47,7.663451,7.645467,4.554240,1
48,48,8.854583,8.833116,5.557322,1
49,49,5.778279,5.740106,2.977846,1
50,50,7.489849,7.449679,4.307521,1
51,51,9.090176,9.051148,5.585394,1
52,52,9.066942,9.034022,5.554614,1
53,53,10.856351,10.822092,7.011745,1
54,54,12.569851,12.534899,8.431048,1
