N,which,Z_ref,config,config_ion,removed,E0_exact,E0,E1_exact,E1_singleconfig_Hund,E1_config_average,E1_Layzer_complex,dE0,dE1,dE1_singleconfig,sigma_abinitio,sigma_slater
1,neutral,1,1s1,-,1s,-1/2,-0.5,0,0.0,0.0,0.0,0.5,0.0,0.0,-0.0,0.0
1,highZ,110,1s1,-,1s,-1/2,-0.5,0,0.0,0.0,0.0,0.5,0.0,0.0,-0.0,0.0
2,neutral,2,1s2,1s1,1s,-1,-1.0,5/8,0.625,0.625,0.625,0.5,-0.625,-0.625,0.625,0.3
2,highZ,110,1s2,1s1,1s,-1,-1.0,5/8,0.625,0.625,0.625,0.5,-0.625,-0.625,0.625,0.3
3,neutral,3,1s2.2s1,1s2,2s,-9/8,-1.125,5965/5832,1.0228052126200273,1.0228052126200273,1.0228052126200273,0.125,-0.3978052126200273,-0.3978052126200273,1.5912208504801093,1.7
3,highZ,103,1s2.2s1,1s2,2s,-9/8,-1.125,5965/5832,1.0228052126200273,1.0228052126200273,1.0228052126200273,0.125,-0.3978052126200273,-0.3978052126200273,1.5912208504801093,1.7
4,neutral,4,1s2.2s2,1s2.2s1,2s,-5/4,-1.25,586373/373248,1.5710010502400549,1.5710010502400549,1.5592742084012565,0.125,-0.5364689957812292,-0.5481958376200275,2.145875983124917,2.05
4,highZ,110,1s2.2s2,1s2.2s1,2s,-5/4,-1.25,586373/373248,1.5710010502400549,1.5710010502400549,1.5592742084012565,0.125,-0.5364689957812292,-0.5481958376200275,2.145875983124917,2.05
5,neutral,5,1s2.2s2.2p1,1s2.2s2,2p,-11/8,-1.375,1960489/839808,2.334449064548087,2.334449064548087,2.32752650321001,0.125,-0.7682522948087533,-0.7634480143080322,3.0730091792350134,2.4
5,highZ,110,1s2.2s2.2p1,1s2.2s2,2p,-11/8,-1.375,1960489/839808,2.334449064548087,2.334449064548087,2.32752650321001,0.125,-0.7682522948087533,-0.7634480143080322,3.0730091792350134,2.4
6,neutral,6,1s2.2s2.2p2,1s2.2s2.2p1,2p,-3/2,-1.5,10957679/3359232,3.2619595788561195,3.2725064538561197,3.2588648975076935,0.125,-0.9313383942976836,-0.9275105143080324,3.7253535771907345,2.75
6,highZ,110,1s2.2s2.2p2,1s2.2s2.2p1,2p,-3/2,-1.5,10957679/3359232,3.2619595788561195,3.2725064538561197,3.2588648975076935,0.125,-0.9313383942976836,-0.9275105143080324,3.7253535771907345,2.75
7,neutral,7,1s2.2s2.2p3,1s2.2s2.2p2,2p,-13/8,-1.625,2437421/559872,4.353532593164152,4.385173218164152,4.353532593164152,0.125,-1.0946676956564585,-1.0915730143080324,4.378670782625834,3.0999999999999996
7,highZ,110,1s2.2s2.2p3,1s2.2s2.2p2,2p,-13/8,-1.625,2437421/559872,4.353532593164152,4.385173218164152,4.353532593164152,0.125,-1.0946676956564585,-1.0915730143080324,4.378670782625834,3.0999999999999996
8,neutral,8,1s2.2s2.2p4,1s2.2s2.2p3,2p,-7/4,-1.75,4754911/839808,5.661902482472184,5.672449357472184,5.661902482472185,0.125,-1.3083698893080333,-1.3083698893080324,5.233479557232133,3.4499999999999997
8,highZ,110,1s2.2s2.2p4,1s2.2s2.2p3,2p,-7/4,-1.75,4754911/839808,5.661902482472184,5.672449357472184,5.661902482472185,0.125,-1.3083698893080333,-1.3083698893080324,5.233479557232133,3.4499999999999997
9,neutral,9,1s2.2s2.2p5,1s2.2s2.2p4,2p,-15/8,-1.875,11982943/1679616,7.134334871780217,7.134334871780217,7.134334871780218,0.125,-1.4724323893080324,-1.4724323893080324,5.88972955723213,3.8
9,highZ,110,1s2.2s2.2p5,1s2.2s2.2p4,2p,-15/8,-1.875,11982943/1679616,7.134334871780217,7.134334871780217,7.134334871780218,0.125,-1.4724323893080324,-1.4724323893080324,5.88972955723213,3.8
10,neutral,10,1s2.2s2.2p6,1s2.2s2.2p5,2p,-2,-2.0,2455271/279936,8.77082976108825,8.77082976108825,8.77082976108825,0.125,-1.6364948893080316,-1.6364948893080324,6.545979557232126,4.15
10,highZ,110,1s2.2s2.2p6,1s2.2s2.2p5,2p,-2,-2.0,2455271/279936,8.77082976108825,8.77082976108825,8.77082976108825,0.125,-1.6364948893080316,-1.6364948893080324,6.545979557232126,4.15
11,neutral,11,1s2.2s2.2p6.3s1,1s2.2s2.2p6,3s,-37/18,-2.0555555555555554,6743588935263041/699840000000000,9.635900970597623,9.635900970597623,9.635900970597625,0.05555555555555536,-0.8650712095093755,-0.8650712095093738,7.7856408855844075,8.8
11,highZ,110,1s2.2s2.2p6.3s1,1s2.2s2.2p6,3s,-37/18,-2.0555555555555554,6743588935263041/699840000000000,9.635900970597623,9.635900970597623,9.635900970597625,0.05555555555555536,-0.8650712095093755,-0.8650712095093738,7.7856408855844075,8.8
12,neutral,12,1s2.2s2.2p6.3s2,1s2.2s2.2p6.3s1,3s,-19/9,-2.111111111111111,3697737060263041/349920000000000,10.567378430106999,10.567378430106999,10.563804749867131,0.0555555555555558,-0.9279037792695064,-0.9314774595093755,8.35113401342552,9.15
12,highZ,110,1s2.2s2.2p6.3s2,1s2.2s2.2p6.3s1,3s,-19/9,-2.111111111111111,3697737060263041/349920000000000,10.567378430106999,10.567378430106999,10.563804749867131,0.0555555555555558,-0.9279037792695064,-0.9314774595093755,8.35113401342552,9.15
13,neutral,13,1s2.2s2.2p6.3s2.3p1,1s2.2s2.2p6.3s2,3p,-13/6,-2.1666666666666665,81394184592552197/6998400000000000,11.630399033000714,11.630399033000714,11.626001910049677,0.05555555555555536,-1.0621971601825457,-1.0630206028937152,9.559774441642945,9.5
13,highZ,110,1s2.2s2.2p6.3s2.3p1,1s2.2s2.2p6.3s2,3p,-13/6,-2.1666666666666665,81394184592552197/6998400000000000,11.630399033000714,11.630399033000714,11.626001910049677,0.05555555555555536,-1.0621971601825457,-1.0630206028937152,9.559774441642945,9.5
14,neutral,14,1s2.2s2.2p6.3s2.3p2,1s2.2s2.2p6.3s2.3p1,3p,-20/9,-2.2222222222222223,44643107739921787/3499200000000000,12.758089774783318,12.762408351172207,12.75325159676336,0.0555555555555558,-1.1272496867136823,-1.1276907417826045,10.145247180423096,9.85
14,highZ,110,1s2.2s2.2p6.3s2.3p2,1s2.2s2.2p6.3s2.3p1,3p,-20/9,-2.2222222222222223,44643107739921787/3499200000000000,12.758089774783318,12.762408351172207,12.75325159676336,0.0555555555555558,-1.1272496867136823,-1.1276907417826045,10.145247180423096,9.85
15,neutral,15,1s2.2s2.2p6.3s2.3p3,1s2.2s2.2p6.3s2.3p2,3p,-41/18,-2.2777777777777777,97630833867134951/6998400000000000,13.95045065545481,13.963406384621479,13.94556472999866,0.05555555555555536,-1.1923131332353005,-1.192360880671492,10.730818199117742,10.2
15,highZ,110,1s2.2s2.2p6.3s2.3p3,1s2.2s2.2p6.3s2.3p2,3p,-41/18,-2.2777777777777777,97630833867134951/6998400000000000,13.95045065545481,13.963406384621479,13.94556472999866,0.05555555555555536,-1.1923131332353005,-1.192360880671492,10.730818199117742,10.2
16,neutral,16,1s2.2s2.2p6.3s2.3p4,1s2.2s2.2p6.3s2.3p3,3p,-7/3,-2.3333333333333335,13322394422428291/874800000000000,15.229074556959638,15.233393133348526,15.223262779970238,0.0555555555555558,-1.277698049971578,-1.2786239015048277,11.49928244974415,10.55
16,highZ,110,1s2.2s2.2p6.3s2.3p4,1s2.2s2.2p6.3s2.3p3,3p,-7/3,-2.3333333333333335,13322394422428291/874800000000000,15.229074556959638,15.233393133348526,15.223262779970238,0.0555555555555558,-1.277698049971578,-1.2786239015048277,11.49928244974415,10.55
17,neutral,17,1s2.2s2.2p6.3s2.3p5,1s2.2s2.2p6.3s2.3p4,3p,-43/18,-2.388888888888889,23196012878343541/1399680000000000,16.572368597353353,16.572368597353353,16.565870805538808,0.05555555555555536,-1.3426080255685697,-1.3432940403937152,12.08347223011717,10.9
17,highZ,110,1s2.2s2.2p6.3s2.3p5,1s2.2s2.2p6.3s2.3p4,3p,-43/18,-2.388888888888889,23196012878343541/1399680000000000,16.572368597353353,16.572368597353353,16.565870805538808,0.05555555555555536,-1.3426080255685697,-1.3432940403937152,12.08347223011717,10.9
18,neutral,18,1s2.2s2.2p6.3s2.3p6,1s2.2s2.2p6.3s2.3p5,3p,-22/9,-2.4444444444444446,62916780452004541/3499200000000000,17.980332776635958,17.980332776635958,17.97340616826704,0.0555555555555558,-1.4075353627282325,-1.4079641792826045,12.667818264554036,11.25
18,highZ,110,1s2.2s2.2p6.3s2.3p6,1s2.2s2.2p6.3s2.3p5,3p,-22/9,-2.4444444444444446,62916780452004541/3499200000000000,17.980332776635958,17.980332776635958,17.97340616826704,0.0555555555555558,-1.4075353627282325,-1.4079641792826045,12.667818264554036,11.25
19,neutral,19,1s2.2s2.2p6.3s2.3p6.4s1,1s2.2s2.2p6.3s2.3p6,4s,-713/288,-2.4756944444444446,,18.859971454792607,18.859971454792607,,0.03125,-0.879638678156649,-0.879638678156649,14.074218850506384,16.799999999999997
19,highZ,110,1s2.2s2.2p6.3s2.3p6.3d1,1s2.2s2.2p6.3s2.3p6,3d,-5/2,-2.5,685943092495224379/34992000000000000,19.602854723800423,19.602854723800423,19.59737877509502,0.05555555555555536,-1.62397260682798,-1.622521947164465,14.615753461451872,18.0
20,neutral,20,1s2.2s2.2p6.3s2.3p6.4s2,1s2.2s2.2p6.3s2.3p6.4s1,4s,-361/144,-2.5069444444444446,,19.77688163258305,19.77688163258305,,0.03125,-0.9169101777904416,-0.9169101777904416,14.670562844647066,17.15
20,highZ,110,1s2.2s2.2p6.3s2.3p6.3d2,1s2.2s2.2p6.3s2.3p6.3d1,3d,-23/9,-2.5555555555555554,1304535153323205859/61236000000000000,21.303402464615683,21.309040347662418,21.299405024248912,0.05555555555555536,-1.7020262491538922,-1.70054774081526,15.318236242385085,18.35
21,neutral,21,1s2.2s2.2p6.3s2.3p6.3d1.4s2,1s2.2s2.2p6.3s2.3p6.3d1.4s1,4s,-41/16,-2.5625,,21.492901735322235,21.492901735322235,,0.03125,-0.9640766275230099,-0.9640766275230099,15.425226040368159,18.0
21,highZ,110,1s2.2s2.2p6.3s2.3p6.3d3,1s2.2s2.2p6.3s2.3p6.3d2,3d,-47/18,-2.611111111111111,5655094616619076219/244944000000000000,23.087295939557926,23.098889648221945,23.084496022224606,0.0555555555555558,-1.7850909979756935,-1.7838934749422428,16.06581898178117,18.7
22,neutral,22,1s2.2s2.2p6.3s2.3p6.3d2.4s2,1s2.2s2.2p6.3s2.3p6.3d2.4s1,4s,-377/144,-2.6180555555555554,,23.286947631712213,23.29258551475895,,0.03125,-1.0112430772555783,-1.0112430772555783,16.179889236089252,18.849999999999998
22,highZ,110,1s2.2s2.2p6.3s2.3p6.3d4,1s2.2s2.2p6.3s2.3p6.3d3,3d,-8/3,-2.6666666666666665,436604546960380643/17496000000000000,24.95453514862715,24.972402625479003,24.952684100214015,0.05555555555555536,-1.8681880779894087,-1.8672392090692256,16.81369270190474,19.05
23,neutral,23,1s2.2s2.2p6.3s2.3p6.3d3.4s2,1s2.2s2.2p6.3s2.3p6.3d4,4s,-385/144,-2.673611111111111,,25.164339262229173,25.175932970893196,,0.006944444444444642,-0.2098041136020221,-0.2098041136020221,15.105896179345162,19.7
23,highZ,110,1s2.2s2.2p6.3s2.3p6.3d5,1s2.2s2.2p6.3s2.3p6.3d4,3d,-49/18,-2.7222222222222223,188255561379188051/6998400000000000,26.899800151347172,26.929579279433593,26.89894441030092,0.0555555555555558,-1.946260310086906,-1.9452650027200207,17.516342790782076,19.4
24,neutral,24,1s2.2s2.2p6.3s2.3p6.3d5.4s1,1s2.2s2.2p6.3s2.3p6.3d5,4s,-793/288,-2.7534722222222223,,28.011097358714583,28.042963346527042,,0.03125,-1.1112972073674108,-1.1112972073674108,17.780755317878572,21.049999999999997
24,highZ,110,1s2.2s2.2p6.3s2.3p6.3d6,1s2.2s2.2p6.3s2.3p6.3d5,3d,-25/9,-2.7777777777777777,126638463030764903/4374000000000000,28.95255213323386,28.970419610085713,28.952055515257584,0.05555555555555536,-2.0531111049566633,-2.0527519818866864,18.477999944610033,19.75
25,neutral,25,1s2.2s2.2p6.3s2.3p6.3d5.4s2,1s2.2s2.2p6.3s2.3p6.3d5.4s1,4s,-401/144,-2.7847222222222223,,29.163839785167863,29.19361891325428,,0.03125,-1.1527424264532797,-1.1527424264532797,18.443878823252476,21.4
25,highZ,110,1s2.2s2.2p6.3s2.3p6.3d7,1s2.2s2.2p6.3s2.3p6.3d6,3d,-17/6,-2.8333333333333335,7613675161174087351/244944000000000000,31.08332990877134,31.094923617435363,31.083168788422654,0.0555555555555558,-2.13111327316507,-2.1307777755374815,19.180019458485546,20.1
26,neutral,26,1s2.2s2.2p6.3s2.3p6.3d6.4s2,1s2.2s2.2p6.3s2.3p6.3d6.4s1,4s,-409/144,-2.8402777777777777,,31.310089922629267,31.32795739948112,,0.03125,-1.1990741322954293,-1.1990741322954293,19.185186116726868,22.25
26,highZ,110,1s2.2s2.2p6.3s2.3p6.3d8,1s2.2s2.2p6.3s2.3p6.3d7,3d,-26/9,-2.888888888888889,4078005715062670067/122472000000000000,33.29745341843581,33.303091301482546,33.29745341843585,0.05555555555555536,-2.2142846300131964,-2.214123509664468,19.92856167011884,20.45
27,neutral,27,1s2.2s2.2p6.3s2.3p6.3d7.4s2,1s2.2s2.2p6.3s2.3p6.3d8,4s,-139/48,-2.8958333333333335,,33.53436585374147,33.54595956240549,,0.006944444444444642,-0.23691243530566197,-0.23691243530566197,17.05769534200718,23.099999999999998
27,highZ,110,1s2.2s2.2p6.3s2.3p6.3d9,1s2.2s2.2p6.3s2.3p6.3d8,3d,-53/18,-2.9444444444444446,1245537533796656131/34992000000000000,35.594922662227255,35.594922662227255,35.594922662227304,0.0555555555555558,-2.297469243791454,-2.297469243791447,20.677223194122995,20.8
28,neutral,28,1s2.2s2.2p6.3s2.3p6.3d8.4s2,1s2.2s2.2p6.3s2.3p6.3d9,4s,-425/144,-2.951388888888889,,35.84198751898065,35.84762540202739,,0.006944444444444198,-0.24706485675339707,-0.24706485675339707,17.78866968624522,23.95
28,highZ,110,1s2.2s2.2p6.3s2.3p6.3d10,1s2.2s2.2p6.3s2.3p6.3d9,3d,-3,-3.0,13286608561468351/349920000000000,37.9704176996695,37.9704176996695,37.9704176996695,0.05555555555555536,-2.3754950374421924,-2.375495037442242,21.379455336979806,21.15
29,neutral,29,1s2.2s2.2p6.3s2.3p6.3d10.4s1,1s2.2s2.2p6.3s2.3p6.3d10,4s,-97/32,-3.03125,,39.31754715569975,39.31754715569975,39.31754715569974,0.03125,-1.3471294560302454,-1.3471294560302525,21.554071296483926,25.299999999999997
29,highZ,110,1s2.2s2.2p6.3s2.3p6.3d10.4s1,1s2.2s2.2p6.3s2.3p6.3d10,4s,-97/32,-3.03125,,39.31754715569975,39.31754715569975,39.31754715569974,0.03125,-1.3471294560302454,-1.3471294560302525,21.554071296483926,25.299999999999997
30,neutral,30,1s2.2s2.2p6.3s2.3p6.3d10.4s2,1s2.2s2.2p6.3s2.3p6.3d10.4s1,4s,-49/16,-3.0625,,40.701948111363784,40.701948111363784,40.70045926387598,0.03125,-1.3829121081762352,-1.3844009556640344,22.126593730819764,25.65
30,highZ,110,1s2.2s2.2p6.3s2.3p6.3d10.4s2,1s2.2s2.2p6.3s2.3p6.3d10.4s1,4s,-49/16,-3.0625,,40.701948111363784,40.701948111363784,40.70045926387598,0.03125,-1.3829121081762352,-1.3844009556640344,22.126593730819764,25.65
31,neutral,31,1s2.2s2.2p6.3s2.3p6.3d10.4s2.4p1,1s2.2s2.2p6.3s2.3p6.3d10.4s2,4p,-99/32,-3.09375,,42.18252752399415,42.18252752399415,42.18054999181999,0.03125,-1.4800907279440096,-1.4805794126303695,23.681451647104154,25.999999999999996
31,highZ,110,1s2.2s2.2p6.3s2.3p6.3d10.4s2.4p1,1s2.2s2.2p6.3s2.3p6.3d10.4s2,4p,-99/32,-3.09375,,42.18252752399415,42.18252752399415,42.18054999181999,0.03125,-1.4800907279440096,-1.4805794126303695,23.681451647104154,25.999999999999996
32,neutral,32,1s2.2s2.2p6.3s2.3p6.3d10.4s2.4p2,1s2.2s2.2p6.3s2.3p6.3d10.4s2.4p1,4p,-25/8,-3.125,,43.69805719297218,43.70044786374855,43.69571883934888,0.03125,-1.5151688475288907,-1.5155296689780258,24.24270156046225,26.349999999999998
32,highZ,110,1s2.2s2.2p6.3s2.3p6.3d10.4s2.4p2,1s2.2s2.2p6.3s2.3p6.3d10.4s2.4p1,4p,-25/8,-3.125,,43.69805719297218,43.70044786374855,43.69571883934888,0.03125,-1.5151688475288907,-1.5155296689780258,24.24270156046225,26.349999999999998
33,neutral,33,1s2.2s2.2p6.3s2.3p6.3d10.4s2.4p3,1s2.2s2.2p6.3s2.3p6.3d10.4s2.4p2,4p,-101/32,-3.15625,,45.24853711829787,45.25570913062697,,0.03125,-1.5504799253256891,-1.5504799253256891,24.807678805211026,26.699999999999996
33,highZ,110,1s2.2s2.2p6.3s2.3p6.3d10.4s2.4p3,1s2.2s2.2p6.3s2.3p6.3d10.4s2.4p2,4p,-101/32,-3.15625,,45.24853711829787,45.25570913062697,,0.03125,-1.5504799253256891,-1.5504799253256891,24.807678805211026,26.699999999999996
34,neutral,34,1s2.2s2.2p6.3s2.3p6.3d10.4s2.4p4,1s2.2s2.2p6.3s2.3p6.3d10.4s2.4p3,4p,-51/16,-3.1875,,46.84592065385304,46.84831132462941,,0.03125,-1.5973835355551742,-1.5973835355551742,25.558136568882787,27.049999999999997
34,highZ,110,1s2.2s2.2p6.3s2.3p6.3d10.4s2.4p4,1s2.2s2.2p6.3s2.3p6.3d10.4s2.4p3,4p,-51/16,-3.1875,,46.84592065385304,46.84831132462941,,0.03125,-1.5973835355551742,-1.5973835355551742,25.558136568882787,27.049999999999997
35,neutral,35,1s2.2s2.2p6.3s2.3p6.3d10.4s2.4p5,1s2.2s2.2p6.3s2.3p6.3d10.4s2.4p4,4p,-103/32,-3.21875,,48.47825444575587,48.47825444575587,,0.03125,-1.6323337919028305,-1.6323337919028305,26.117340670445287,27.399999999999995
35,highZ,110,1s2.2s2.2p6.3s2.3p6.3d10.4s2.4p5,1s2.2s2.2p6.3s2.3p6.3d10.4s2.4p4,4p,-103/32,-3.21875,,48.47825444575587,48.47825444575587,,0.03125,-1.6323337919028305,-1.6323337919028305,26.117340670445287,27.399999999999995
36,neutral,36,1s2.2s2.2p6.3s2.3p6.3d10.4s2.4p6,1s2.2s2.2p6.3s2.3p6.3d10.4s2.4p5,4p,-13/4,-3.25,,50.14553849400636,50.14553849400636,,0.03125,-1.6672840482504867,-1.6672840482504867,26.676544772007787,27.749999999999996
36,highZ,110,1s2.2s2.2p6.3s2.3p6.3d10.4s2.4p6,1s2.2s2.2p6.3s2.3p6.3d10.4s2.4p5,4p,-13/4,-3.25,,50.14553849400636,50.14553849400636,,0.03125,-1.6672840482504867,-1.6672840482504867,26.676544772007787,27.749999999999996
37,neutral,37,1s2.2s2.2p6.3s2.3p6.3d10.4s2.4p6.5s1,1s2.2s2.2p6.3s2.3p6.3d10.4s2.4p6,5s,-327/100,-3.27,,51.283389585782324,51.283389585782324,,0.020000000000000018,-1.137851091775964,-1.137851091775964,28.446277294399078,34.8
37,highZ,110,1s2.2s2.2p6.3s2.3p6.3d10.4s2.4p6.4d1,1s2.2s2.2p6.3s2.3p6.3d10.4s2.4p6,4d,-105/32,-3.28125,,51.970884562239775,51.970884562239775,,0.03125,-1.825346068233415,-1.825346068233415,29.20553709173464,36.0
38,neutral,38,1s2.2s2.2p6.3s2.3p6.3d10.4s2.4p6.5s2,1s2.2s2.2p6.3s2.3p6.3d10.4s2.4p6.5s1,5s,-329/100,-3.29,,52.44507063361297,52.44507063361297,,0.020000000000000018,-1.1616810478306476,-1.1616810478306476,29.042026195766166,35.15
38,highZ,110,1s2.2s2.2p6.3s2.3p6.3d10.4s2.4p6.4d2,1s2.2s2.2p6.3s2.3p6.3d10.4s2.4p6.4d1,4d,-53/16,-3.3125,,53.83507994339172,53.83774966835568,,0.03125,-1.8641953811519443,-1.8641953811519443,29.82712609843111,36.35
39,neutral,39,1s2.2s2.2p6.3s2.3p6.3d10.4s2.4p6.4d1.5s2,1s2.2s2.2p6.3s2.3p6.3d10.4s2.4p6.5s2,4d,-2657/800,-3.32125,,54.32731827182915,54.32731827182915,,0.03125,-1.8822476382161781,-1.8822476382161781,30.11596221145885,36.0
39,highZ,110,1s2.2s2.2p6.3s2.3p6.3d10.4s2.4p6.4d3,1s2.2s2.2p6.3s2.3p6.3d10.4s2.4p6.4d2,4d,-107/32,-3.34375,,55.74057890469154,55.74613381235407,,0.03125,-1.9054989612998199,-1.9054989612998199,30.487983380797118,36.7
40,neutral,40,1s2.2s2.2p6.3s2.3p6.3d10.4s2.4p6.4d2.5s2,1s2.2s2.2p6.3s2.3p6.3d10.4s2.4p6.4d2.5s1,5s,-1341/400,-3.3525,,56.24841522296385,56.25108494792781,,0.020000000000000018,-1.2191337792778825,-1.2191337792778825,30.478344481947033,36.85
40,highZ,110,1s2.2s2.2p6.3s2.3p6.3d10.4s2.4p6.4d4,1s2.2s2.2p6.3s2.3p6.3d10.4s2.4p6.4d3,4d,-27/8,-3.375,,57.68738144613924,57.696036994234944,,0.03125,-1.9468025414477026,-1.9468025414477026,31.14884066316324,37.05
41,neutral,41,1s2.2s2.2p6.3s2.3p6.3d10.4s2.4p6.4d4.5s1,1s2.2s2.2p6.3s2.3p6.3d10.4s2.4p6.4d4,5s,-679/200,-3.395,,58.937933354951774,58.94769122597643,,0.020000000000000018,-1.2505519088125325,-1.2505519088125325,31.263797720313285,38.199999999999996
41,highZ,110,1s2.2s2.2p6.3s2.3p6.3d10.4s2.4p6.4d5,1s2.2s2.2p6.3s2.3p6.3d10.4s2.4p6.4d4,4d,-109/32,-3.40625,,59.67303330050547,59.68745921399831,,0.03125,-1.9856518543662318,-1.9856518543662318,31.77042966985971,37.4
42,neutral,42,1s2.2s2.2p6.3s2.3p6.3d10.4s2.4p6.4d5.5s1,1s2.2s2.2p6.3s2.3p6.3d10.4s2.4p6.4d5,5s,-2741/800,-3.42625,,60.95176041357714,60.96756423073117,,0.020000000000000018,-1.2787271130716675,-1.2787271130716675,31.96817782679166,39.05
42,highZ,110,1s2.2s2.2p6.3s2.3p6.3d10.4s2.4p6.4d6,1s2.2s2.2p6.3s2.3p6.3d10.4s2.4p6.4d5,4d,-55/16,-3.4375,,61.71174492354846,61.72040047164416,,0.03125,-2.0387116230429854,-2.0387116230429854,32.619385968687766,37.75
43,neutral,43,1s2.2s2.2p6.3s2.3p6.3d10.4s2.4p6.4d5.5s2,1s2.2s2.2p6.3s2.3p6.3d10.4s2.4p6.4d5.5s1,5s,-2757/800,-3.44625,,62.25707329002587,62.27149920351871,,0.020000000000000018,-1.3053128764487312,-1.3053128764487312,32.63282191121825,39.4
43,highZ,110,1s2.2s2.2p6.3s2.3p6.3d10.4s2.4p6.4d7,1s2.2s2.2p6.3s2.3p6.3d10.4s2.4p6.4d6,4d,-111/32,-3.46875,,63.78930585950997,63.7948607671725,,0.03125,-2.0775609359615146,-2.0775609359615146,33.24097497538423,38.1
44,neutral,44,1s2.2s2.2p6.3s2.3p6.3d10.4s2.4p6.4d7.5s1,1s2.2s2.2p6.3s2.3p6.3d10.4s2.4p6.4d7,5s,-2791/800,-3.48875,,65.12548570402888,65.13186735388811,,0.020000000000000018,-1.3361798445189024,-1.3361798445189024,33.40449611297253,40.75
44,highZ,110,1s2.2s2.2p6.3s2.3p6.3d10.4s2.4p6.4d8,1s2.2s2.2p6.3s2.3p6.3d10.4s2.4p6.4d7,4d,-7/2,-3.5,,65.90817037561936,65.91084010058333,,0.03125,-2.11886451610939,-2.11886451610939,33.90183225775024,38.45
45,neutral,45,1s2.2s2.2p6.3s2.3p6.3d10.4s2.4p6.4d8.5s1,1s2.2s2.2p6.3s2.3p6.3d10.4s2.4p6.4d8,5s,-88/25,-3.52,,67.27307658586189,67.27629747229032,,0.020000000000000018,-1.3649062102425233,-1.3649062102425233,34.122655256063055,41.599999999999994
45,highZ,110,1s2.2s2.2p6.3s2.3p6.3d10.4s2.4p6.4d9,1s2.2s2.2p6.3s2.3p6.3d10.4s2.4p6.4d8,4d,-113/32,-3.53125,,68.06833847187664,68.06833847187664,,0.03125,-2.16016809625728,-2.16016809625728,34.56268954011648,38.8
46,neutral,46,1s2.2s2.2p6.3s2.3p6.3d10.4s2.4p6.4d10,1s2.2s2.2p6.3s2.3p6.3d10.4s2.4p6.4d9,4d,-57/16,-3.5625,,70.26735588105244,70.26735588105244,,0.03125,-2.199017409175795,-2.199017409175795,35.18427854681272,39.15
46,highZ,110,1s2.2s2.2p6.3s2.3p6.3d10.4s2.4p6.4d10,1s2.2s2.2p6.3s2.3p6.3d10.4s2.4p6.4d9,4d,-57/16,-3.5625,,70.26735588105244,70.26735588105244,,0.03125,-2.199017409175795,-2.199017409175795,35.18427854681272,39.15
47,neutral,47,1s2.2s2.2p6.3s2.3p6.3d10.4s2.4p6.4d10.5s1,1s2.2s2.2p6.3s2.3p6.3d10.4s2.4p6.4d10,5s,-1433/400,-3.5825,,71.68971482274219,71.68971482274219,,0.020000000000000018,-1.422358941689751,-1.422358941689751,35.55897354224375,43.3
47,highZ,103,1s2.2s2.2p6.3s2.3p6.3d10.4s2.4p6.4d10.4f1,1s2.2s2.2p6.3s2.3p6.3d10.4s2.4p6.4d10,4f,-115/32,-3.59375,,72.6823795471446,72.6823795471446,,0.03125,-2.415023666092168,-2.415023666092168,38.640378657474685,46.0
48,neutral,48,1s2.2s2.2p6.3s2.3p6.3d10.4s2.4p6.4d10.5s2,1s2.2s2.2p6.3s2.3p6.3d10.4s2.4p6.4d10.5s1,5s,-1441/400,-3.6025,,73.13590372048662,73.13590372048662,,0.020000000000000018,-1.4461888977444346,-1.4461888977444346,36.15472244361083,43.65
48,highZ,103,1s2.2s2.2p6.3s2.3p6.3d10.4s2.4p6.4d10.4f2,1s2.2s2.2p6.3s2.3p6.3d10.4s2.4p6.4d10.4f1,4f,-29/8,-3.625,,75.14359764482245,75.14653980471842,,0.03125,-2.4612180976778433,-2.4612180976778433,39.37948956284549,46.35
49,neutral,49,1s2.2s2.2p6.3s2.3p6.3d10.4s2.4p6.4d10.5s2.5p1,1s2.2s2.2p6.3s2.3p6.3d10.4s2.4p6.4d10.5s2,5p,-1449/400,-3.6225,,74.64818022705822,74.64818022705822,,0.020000000000000018,-1.5122765065715953,-1.5122765065715953,37.80691266428985,44.0
49,highZ,103,1s2.2s2.2p6.3s2.3p6.3d10.4s2.4p6.4d10.4f3,1s2.2s2.2p6.3s2.3p6.3d10.4s2.4p6.4d10.4f2,4f,-117/32,-3.65625,,77.65212413174288,77.65983665377387,,0.03125,-2.508526486920431,-2.508526486920431,40.136423790726894,46.7
50,neutral,50,1s2.2s2.2p6.3s2.3p6.3d10.4s2.4p6.4d10.5s2.5p2,1s2.2s2.2p6.3s2.3p6.3d10.4s2.4p6.4d10.5s2.5p1,5p,-1457/400,-3.6425,,76.18241962425482,76.18394159691107,,0.020000000000000018,-1.5342393971966004,-1.5342393971966004,38.355984929914975,44.35
50,highZ,103,1s2.2s2.2p6.3s2.3p6.3d10.4s2.4p6.4d10.4f4,1s2.2s2.2p6.3s2.3p6.3d10.4s2.4p6.4d10.4f3,4f,-59/16,-3.6875,,80.21074390204822,80.22227009431094,,0.03125,-2.5586197703053415,-2.5586197703053415,40.937916324885464,47.05
51,neutral,51,1s2.2s2.2p6.3s2.3p6.3d10.4s2.4p6.4d10.5s2.5p3,1s2.2s2.2p6.3s2.3p6.3d10.4s2.4p6.4d10.5s2.5p2,5p,-293/80,-3.6625,,77.73862191207643,77.74318783004517,,0.020000000000000018,-1.5562022878216055,-1.5562022878216055,38.9050571955401,44.7
51,highZ,103,1s2.2s2.2p6.3s2.3p6.3d10.4s2.4p6.4d10.4f5,1s2.2s2.2p6.3s2.3p6.3d10.4s2.4p6.4d10.4f4,4f,-119/32,-3.71875,,82.81945695573846,82.83384012632968,,0.03125,-2.608713053690238,-2.608713053690238,41.739408859043806,47.4
52,neutral,52,1s2.2s2.2p6.3s2.3p6.3d10.4s2.4p6.4d10.5s2.5p4,1s2.2s2.2p6.3s2.3p6.3d10.4s2.4p6.4d10.5s2.5p3,5p,-1473/400,-3.6825,,79.32439695380427,79.32591892646052,,0.020000000000000018,-1.5857750417278424,-1.5857750417278424,39.644376043196026,45.05
52,highZ,103,1s2.2s2.2p6.3s2.3p6.3d10.4s2.4p6.4d10.4f6,1s2.2s2.2p6.3s2.3p6.3d10.4s2.4p6.4d10.4f5,4f,-15/4,-3.75,,85.47547839867131,85.49454674983004,,0.03125,-2.656021442932854,-2.656021442932854,42.49634308692566,47.75
53,neutral,53,1s2.2s2.2p6.3s2.3p6.3d10.4s2.4p6.4d10.5s2.5p5,1s2.2s2.2p6.3s2.3p6.3d10.4s2.4p6.4d10.5s2.5p4,5p,-1481/400,-3.7025,,80.93213488615712,80.93213488615712,,0.020000000000000018,-1.6077379323528476,-1.6077379323528476,40.193448308821154,45.4
53,highZ,103,1s2.2s2.2p6.3s2.3p6.3d10.4s2.4p6.4d10.4f7,1s2.2s2.2p6.3s2.3p6.3d10.4s2.4p6.4d10.4f6,4f,-121/32,-3.78125,,88.17769427318981,88.20438996481204,,0.03125,-2.702215874518501,-2.702215874518501,43.235453992296016,48.1
54,neutral,54,1s2.2s2.2p6.3s2.3p6.3d10.4s2.4p6.4d10.5s2.5p6,1s2.2s2.2p6.3s2.3p6.3d10.4s2.4p6.4d10.5s2.5p5,5p,-1489/400,-3.7225,,82.56183570913497,82.56183570913497,,0.020000000000000018,-1.6297008229778527,-1.6297008229778527,40.74252057444628,45.75
54,highZ,103,1s2.2s2.2p6.3s2.3p6.3d10.4s2.4p6.4d10.4f8,1s2.2s2.2p6.3s2.3p6.3d10.4s2.4p6.4d10.4f7,4f,-61/16,-3.8125,,90.94430142011694,90.96336977127568,,0.03125,-2.7666071469271287,-2.7666071469271287,44.26571435083406,48.45
55,neutral,55,1s2.2s2.2p6.3s2.3p6.3d10.4s2.4p6.4d10.5s2.5p6.6s1,1s2.2s2.2p6.3s2.3p6.3d10.4s2.4p6.4d10.5s2.5p6,6s,-13451/3600,-3.736388888888889,,83.7514570187651,83.7514570187651,,0.01388888888888884,-1.1896213096301267,-1.1896213096301267,42.82636714668471,52.800000000000004
55,highZ,103,1s2.2s2.2p6.3s2.3p6.3d10.4s2.4p6.4d10.4f9,1s2.2s2.2p6.3s2.3p6.3d10.4s2.4p6.4d10.4f8,4f,-123/32,-3.84375,,93.75710299862975,93.77148616922095,,0.03125,-2.812801578512804,-2.812801578512804,45.00482525620487,48.8
56,neutral,56,1s2.2s2.2p6.3s2.3p6.3d10.4s2.4p6.4d10.5s2.5p6.6s2,1s2.2s2.2p6.3s2.3p6.3d10.4s2.4p6.4d10.5s2.5p6.6s1,6s,-13501/3600,-3.750277777777778,,84.95761803451941,84.95761803451941,,0.01388888888888884,-1.2061610157543186,-1.2061610157543186,43.421796567155624,53.150000000000006
56,highZ,103,1s2.2s2.2p6.3s2.3p6.3d10.4s2.4p6.4d10.4f10,1s2.2s2.2p6.3s2.3p6.3d10.4s2.4p6.4d10.4f9,4f,-31/8,-3.875,,96.61721296638514,96.62873915864787,96.61709604845169,0.03125,-2.860109967755392,-2.860109967755392,45.76175948408627,49.15
57,neutral,57,1s2.2s2.2p6.3s2.3p6.3d10.4s2.4p6.4d10.5s2.5p6.5d1.6s2,1s2.2s2.2p6.3s2.3p6.3d10.4s2.4p6.4d10.5s2.5p6.5d2,6s,-13573/3600,-3.770277777777778,,86.733462673878,86.733462673878,,0.007777777777777661,-0.6728467033895242,-0.6728467033895242,43.25443093218435,54.00000000000001
57,highZ,103,1s2.2s2.2p6.3s2.3p6.3d10.4s2.4p6.4d10.4f11,1s2.2s2.2p6.3s2.3p6.3d10.4s2.4p6.4d10.4f10,4f,-125/32,-3.90625,,99.52741621752544,99.53512873955643,99.527390309515,0.03125,-2.9102942610633136,-2.9102032511403024,46.56470817701302,49.5
58,neutral,58,1s2.2s2.2p6.3s2.3p6.3d10.4s2.4p6.4d10.5s2.5p6.4f1.5d1.6s2,1s2.2s2.2p6.3s2.3p6.3d10.4s2.4p6.4d10.5s2.5p6.4f1.5d2,6s,-27371/7200,-3.801527777777778,,89.46338013927387,89.46332970810298,,0.007777777777777661,-0.685397888994288,-0.685397888994288,44.06129286391917,55.00000000000001
58,highZ,103,1s2.2s2.2p6.3s2.3p6.3d10.4s2.4p6.4d10.4f12,1s2.2s2.2p6.3s2.3p6.3d10.4s2.4p6.4d10.4f11,4f,-63/16,-3.9375,,102.48771275205064,102.49065491194662,102.48771275205053,0.03125,-2.960322442535528,-2.960296534525199,47.365159080568446,49.85
59,neutral,59,1s2.2s2.2p6.3s2.3p6.3d10.4s2.4p6.4d10.5s2.5p6.4f3.6s2,1s2.2s2.2p6.3s2.3p6.3d10.4s2.4p6.4d10.5s2.5p6.4f3.6s1,6s,-27677/7200,-3.844027777777778,,93.19205918797068,93.19977171000168,,0.01388888888888884,-1.2716794892603929,-1.2716794892603929,45.78046161337431,56.150000000000006
59,highZ,103,1s2.2s2.2p6.3s2.3p6.3d10.4s2.4p6.4d10.4f13,1s2.2s2.2p6.3s2.3p6.3d10.4s2.4p6.4d10.4f12,4f,-127/32,-3.96875,,105.49531767581846,105.49531767581846,105.49531767581828,0.03125,-3.007604923767758,-3.007604923767815,48.12167878028413,50.2
60,neutral,60,1s2.2s2.2p6.3s2.3p6.3d10.4s2.4p6.4d10.5s2.5p6.4f4.6s2,1s2.2s2.2p6.3s2.3p6.3d10.4s2.4p6.4d10.5s2.5p6.4f4.6s1,6s,-13951/3600,-3.875277777777778,,96.03390325919631,96.04542945145904,,0.01388888888888884,-1.2935189804290985,-1.2935189804290985,46.56668329544771,57.150000000000006
60,highZ,103,1s2.2s2.2p6.3s2.3p6.3d10.4s2.4p6.4d10.4f14,1s2.2s2.2p6.3s2.3p6.3d10.4s2.4p6.4d10.4f13,4f,-4,-4.0,,108.54911703117192,108.54911703117192,108.54911703117192,0.03125,-3.0537993553536324,-3.053799355353462,48.86078968565812,50.55
61,neutral,61,1s2.2s2.2p6.3s2.3p6.3d10.4s2.4p6.4d10.5s2.5p6.4f5.6s2,1s2.2s2.2p6.3s2.3p6.3d10.4s2.4p6.4d10.5s2.5p6.4f5.6s1,6s,-28127/7200,-3.906527777777778,,98.92584061380684,98.94022378439804,,0.01388888888888884,-1.31535847159779,-1.31535847159779,47.35290497752061,58.150000000000006
61,highZ,103,1s2.2s2.2p6.3s2.3p6.3d10.4s2.4p6.4d10.4f14.5s1,1s2.2s2.2p6.3s2.3p6.3d10.4s2.4p6.4d10.4f14,5s,-201/50,-4.02,,110.38345976448328,110.38345976448328,110.38345976448328,0.019999999999999574,-1.8343427333113596,-1.8343427333113596,45.85856833278497,55.199999999999996
62,neutral,62,1s2.2s2.2p6.3s2.3p6.3d10.4s2.4p6.4d10.5s2.5p6.4f6.6s2,1s2.2s2.2p6.3s2.3p6.3d10.4s2.4p6.4d10.5s2.5p6.4f6.6s1,6s,-886/225,-3.937777777777778,,101.86508635765996,101.88415470881868,,0.01388888888888884,-1.3371979627664814,-1.3371979627664814,48.1391266595935,59.150000000000006
62,highZ,103,1s2.2s2.2p6.3s2.3p6.3d10.4s2.4p6.4d10.5s2.4f14,1s2.2s2.2p6.3s2.3p6.3d10.4s2.4p6.4d10.4f14.5s1,5s,-101/25,-4.04,,112.24163245384932,112.24163245384932,112.24087863991738,0.020000000000000462,-1.8574188754341066,-1.858172689366043,46.43547188585159,55.55
63,neutral,63,1s2.2s2.2p6.3s2.3p6.3d10.4s2.4p6.4d10.5s2.5p6.4f7.6s2,1s2.2s2.2p6.3s2.3p6.3d10.4s2.4p6.4d10.5s2.5p6.4f7.6s1,6s,-28577/7200,-3.969027777777778,,104.85052653309874,104.87722222472097,,0.01388888888888884,-1.3590374539351728,-1.3590374539351728,48.92534834166639,60.150000000000006
63,highZ,103,1s2.2s2.2p6.3s2.3p6.3d10.4s2.4p6.4d10.5s2.4f14.5p1,1s2.2s2.2p6.3s2.3p6.3d10.4s2.4p6.4d10.5s2.4f14,5p,-203/50,-4.06,,114.1758608577344,114.1758608577344,114.17483697769185,0.019999999999999574,-1.9339583377744702,-1.9342284038850863,48.348958444362786,55.9
64,neutral,64,1s2.2s2.2p6.3s2.3p6.3d10.4s2.4p6.4d10.5s2.5p6.4f7.5d1.6s2,1s2.2s2.2p6.3s2.3p6.3d10.4s2.4p6.4d10.5s2.5p6.4f7.5d1.6s1,6s,-28721/7200,-3.989027777777778,,106.8460837753187,106.87440033456724,,0.01388888888888884,-1.3783561307545966,-1.3783561307545966,49.620820707165656,61.00000000000001
64,highZ,103,1s2.2s2.2p6.3s2.3p6.3d10.4s2.4p6.4d10.5s2.4f14.5p2,1s2.2s2.2p6.3s2.3p6.3d10.4s2.4p6.4d10.5s2.4f14.5p1,5p,-102/25,-4.08,,116.1320521522445,116.13357412490076,,0.020000000000000462,-1.9561912945100914,-1.9561912945100914,48.904782362751156,56.25
65,neutral,65,1s2.2s2.2p6.3s2.3p6.3d10.4s2.4p6.4d10.5s2.5p6.4f9.6s2,1s2.2s2.2p6.3s2.3p6.3d10.4s2.4p6.4d10.5s2.5p6.4f9.6s1,6s,-29027/7200,-4.031527777777778,,110.99638386037923,111.01076703097044,,0.013888888888889284,-1.402424363849164,-1.402424363849164,50.48727709856847,62.150000000000006
65,highZ,103,1s2.2s2.2p6.3s2.3p6.3d10.4s2.4p6.4d10.5s2.4f14.5p3,1s2.2s2.2p6.3s2.3p6.3d10.4s2.4p6.4d10.5s2.4f14.5p2,5p,-41/10,-4.1,,118.1102063373796,118.11477225534836,,0.019999999999999574,-1.9781541851350966,-1.9781541851350966,49.453854628378465,56.6
66,neutral,66,1s2.2s2.2p6.3s2.3p6.3d10.4s2.4p6.4d10.5s2.5p6.4f10.6s2,1s2.2s2.2p6.3s2.3p6.3d10.4s2.4p6.4d10.5s2.5p6.4f10.6s1,6s,-7313/1800,-4.062777777777778,,114.1397181290549,114.15124432131763,,0.013888888888889284,-1.424117818806181,-1.424117818806181,51.26824147702106,63.150000000000006
66,highZ,103,1s2.2s2.2p6.3s2.3p6.3d10.4s2.4p6.4d10.5s2.4f14.5p4,1s2.2s2.2p6.3s2.3p6.3d10.4s2.4p6.4d10.5s2.4f14.5p3,5p,-103/25,-4.12,,120.11793327642094,120.11945524907719,,0.020000000000000462,-2.0077269390413477,-2.0077269390413477,50.193173476032534,56.949999999999996
67,neutral,67,1s2.2s2.2p6.3s2.3p6.3d10.4s2.4p6.4d10.5s2.5p6.4f11.6s2,1s2.2s2.2p6.3s2.3p6.3d10.4s2.4p6.4d10.5s2.5p6.4f11.6s1,6s,-29477/7200,-4.094027777777778,,117.33314568111547,117.34085820314647,,0.013888888888889284,-1.4458112737631694,-1.4458112737631694,52.04920585547262,64.15
67,highZ,103,1s2.2s2.2p6.3s2.3p6.3d10.4s2.4p6.4d10.5s2.4f14.5p5,1s2.2s2.2p6.3s2.3p6.3d10.4s2.4p6.4d10.5s2.4f14.5p4,5p,-207/50,-4.14,,122.1476231060873,122.1476231060873,,0.019999999999999574,-2.029689829666353,-2.029689829666353,50.7422457416599,57.3
68,neutral,68,1s2.2s2.2p6.3s2.3p6.3d10.4s2.4p6.4d10.5s2.5p6.4f12.6s2,1s2.2s2.2p6.3s2.3p6.3d10.4s2.4p6.4d10.5s2.5p6.4f12.6s1,6s,-14851/3600,-4.125277777777778,,120.57666651656096,120.57960867645693,,0.013888888888889284,-1.4675047287201721,-1.4675047287201721,52.8301702339247,65.15
68,highZ,103,1s2.2s2.2p6.3s2.3p6.3d10.4s2.4p6.4d10.5s2.5p6.4f14,1s2.2s2.2p6.3s2.3p6.3d10.4s2.4p6.4d10.5s2.4f14.5p5,5p,-104/25,-4.16,,124.19927582637864,124.19927582637864,,0.020000000000000462,-2.0516527202913437,-2.0516527202913437,51.291318007282406,57.65
69,neutral,69,1s2.2s2.2p6.3s2.3p6.3d10.4s2.4p6.4d10.5s2.5p6.4f13.6s2,1s2.2s2.2p6.3s2.3p6.3d10.4s2.4p6.4d10.5s2.5p6.4f13.6s1,6s,-29927/7200,-4.156527777777778,,123.86749574124904,123.86749574124904,,0.013888888888889284,-1.4891981836771748,-1.4891981836771748,53.61113461237677,66.15
69,highZ,110,1s2.2s2.2p6.3s2.3p6.3d10.4s2.4p6.4d10.5s2.5p6.4f14.5d1,1s2.2s2.2p6.3s2.3p6.3d10.4s2.4p6.4d10.4f12.5s2.5p6.6s2,4f,-209/50,-4.18,,126.37953691987391,126.37953691987391,,0.054722222222221895,-5.8028704033129515,-5.8028704033129515,53.0211508932151,50.55
70,neutral,70,1s2.2s2.2p6.3s2.3p6.3d10.4s2.4p6.4d10.5s2.5p6.4f14.6s2,1s2.2s2.2p6.3s2.3p6.3d10.4s2.4p6.4d10.5s2.5p6.4f14.6s1,6s,-3769/900,-4.187777777777778,,127.20451939752279,127.20451939752279,,0.013888888888889284,-1.5108916386341775,-1.5108916386341775,54.39209899082884,67.15
70,highZ,110,1s2.2s2.2p6.3s2.3p6.3d10.4s2.4p6.4d10.5s2.5p6.4f14.5d2,1s2.2s2.2p6.3s2.3p6.3d10.4s2.4p6.4d10.5s2.5p6.4f14.5d1,5d,-21/5,-4.2,,128.58338996968297,128.58502064636772,,0.020000000000000462,-2.203853049809055,-2.203853049809055,55.09632624522511,68.35
71,neutral,71,1s2.2s2.2p6.3s2.3p6.3d10.4s2.4p6.4d10.5s2.5p6.4f14.5d1.6s2,1s2.2s2.2p6.3s2.3p6.3d10.4s2.4p6.4d10.5s2.5p6.4f14.6s2,5d,-3787/900,-4.207777777777777,,129.42303097785677,129.42303097785677,,0.019999999999999574,-2.218511580333981,-2.218511580333981,55.46278950835071,68.0
71,highZ,110,1s2.2s2.2p6.3s2.3p6.3d10.4s2.4p6.4d10.5s2.5p6.4f14.5d3,1s2.2s2.2p6.3s2.3p6.3d10.4s2.4p6.4d10.5s2.5p6.4f14.5d2,5d,-211/50,-4.22,,130.81232014799969,130.81572700586003,,0.019999999999999574,-2.228930178316716,-2.228930178316716,55.72325445791909,68.7
72,neutral,72,1s2.2s2.2p6.3s2.3p6.3d10.4s2.4p6.4d10.5s2.5p6.4f14.5d2.6s2,1s2.2s2.2p6.3s2.3p6.3d10.4s2.4p6.4d10.5s2.5p6.4f14.5d1.6s2,5d,-761/180,-4.227777777777778,,131.66513451450456,131.66676519118928,,0.020000000000000462,-2.2421035366477895,-2.2421035366477895,56.052588416193444,68.35
72,highZ,110,1s2.2s2.2p6.3s2.3p6.3d10.4s2.4p6.4d10.5s2.5p6.4f14.5d4,1s2.2s2.2p6.3s2.3p6.3d10.4s2.4p6.4d10.5s2.5p6.4f14.5d3,5d,-106/25,-4.24,,133.06632745482406,133.07165599835085,,0.020000000000000462,-2.254007306824377,-2.254007306824377,56.35018267060813,69.05
73,neutral,73,1s2.2s2.2p6.3s2.3p6.3d10.4s2.4p6.4d10.5s2.5p6.4f14.5d3.6s2,1s2.2s2.2p6.3s2.3p6.3d10.4s2.4p6.4d10.5s2.5p6.4f14.5d3.6s1,6s,-3823/900,-4.247777777777777,,133.93231517965995,133.9357220375203,,0.013888888888888395,-1.5688476690924347,-1.5688476690924347,56.47851608732965,69.7
73,highZ,110,1s2.2s2.2p6.3s2.3p6.3d10.4s2.4p6.4d10.5s2.5p6.4f14.5d5,1s2.2s2.2p6.3s2.3p6.3d10.4s2.4p6.4d10.5s2.5p6.4f14.5d4,5d,-213/50,-4.26,,135.3439267179622,135.3528076238402,,0.019999999999999574,-2.2775992631381428,-2.2775992631381428,56.939981578454784,69.4
74,neutral,74,1s2.2s2.2p6.3s2.3p6.3d10.4s2.4p6.4d10.5s2.5p6.4f14.5d4.6s2,1s2.2s2.2p6.3s2.3p6.3d10.4s2.4p6.4d10.5s2.5p6.4f14.5d4.6s1,6s,-3841/900,-4.267777777777778,,136.22457297332303,136.22990151684982,,0.013888888888889284,-1.5881663459118442,-1.5881663459118442,57.173988452824766,70.55000000000001
74,highZ,110,1s2.2s2.2p6.3s2.3p6.3d10.4s2.4p6.4d10.5s2.5p6.4f14.5d6,1s2.2s2.2p6.3s2.3p6.3d10.4s2.4p6.4d10.5s2.5p6.4f14.5d5,5d,-107/25,-4.28,,137.65385333880124,137.65918188232803,,0.020000000000000462,-2.309926620839036,-2.309926620839036,57.74816552097457,69.75
75,neutral,75,1s2.2s2.2p6.3s2.3p6.3d10.4s2.4p6.4d10.5s2.5p6.4f14.5d5.6s2,1s2.2s2.2p6.3s2.3p6.3d10.4s2.4p6.4d10.5s2.5p6.4f14.5d5.6s1,6s,-3859/900,-4.2877777777777775,,138.54042272329988,138.54930362917787,,0.013888888888888395,-1.6074850227312822,-1.6074850227312822,57.869460818328214,71.4
75,highZ,110,1s2.2s2.2p6.3s2.3p6.3d10.4s2.4p6.4d10.5s2.5p6.4f14.5d7,1s2.2s2.2p6.3s2.3p6.3d10.4s2.4p6.4d10.5s2.5p6.4f14.5d6,5d,-43/10,-4.3,,139.98737191595404,139.99077877381438,,0.019999999999999574,-2.3335185771528018,-2.3335185771528018,58.33796442882129,70.1
76,neutral,76,1s2.2s2.2p6.3s2.3p6.3d10.4s2.4p6.4d10.5s2.5p6.4f14.5d6.6s2,1s2.2s2.2p6.3s2.3p6.3d10.4s2.4p6.4d10.5s2.5p6.4f14.5d6.6s1,6s,-3877/900,-4.307777777777778,,140.88859983097763,140.8939283745044,,0.013888888888889284,-1.6264168327505786,-1.6264168327505786,58.551005979019166,72.25
76,highZ,110,1s2.2s2.2p6.3s2.3p6.3d10.4s2.4p6.4d10.5s2.5p6.4f14.5d8,1s2.2s2.2p6.3s2.3p6.3d10.4s2.4p6.4d10.5s2.5p6.4f14.5d7,5d,-108/25,-4.32,,142.3459676216145,142.34759829829926,,0.020000000000000462,-2.3585957056604627,-2.3585957056604627,58.964892641510204,70.45
77,neutral,77,1s2.2s2.2p6.3s2.3p6.3d10.4s2.4p6.4d10.5s2.5p6.4f14.5d7.6s2,1s2.2s2.2p6.3s2.3p6.3d10.4s2.4p6.4d10.5s2.5p6.4f14.5d7.6s1,6s,-779/180,-4.3277777777777775,,143.26036889496913,143.26377575282947,,0.013888888888888395,-1.6453486427698465,-1.6453486427698465,59.23255113971658,73.10000000000001
77,highZ,110,1s2.2s2.2p6.3s2.3p6.3d10.4s2.4p6.4d10.5s2.5p6.4f14.5d9,1s2.2s2.2p6.3s2.3p6.3d10.4s2.4p6.4d10.5s2.5p6.4f14.5d8,5d,-217/50,-4.34,,144.72964045578263,144.72964045578263,,0.019999999999999574,-2.3836728341681237,-2.3836728341681237,59.591820854204364,70.8
78,neutral,78,1s2.2s2.2p6.3s2.3p6.3d10.4s2.4p6.4d10.5s2.5p6.4f14.5d9.6s1,1s2.2s2.2p6.3s2.3p6.3d10.4s2.4p6.4d10.5s2.5p6.4f14.5d9,6s,-7837/1800,-4.353888888888889,,146.39592614566672,146.39611957906678,,0.013888888888889284,-1.6662856898840914,-1.6662856898840914,59.986284835825586,74.45000000000002
78,highZ,110,1s2.2s2.2p6.3s2.3p6.3d10.4s2.4p6.4d10.5s2.5p6.4f14.5d10,1s2.2s2.2p6.3s2.3p6.3d10.4s2.4p6.4d10.5s2.5p6.4f14.5d9,5d,-109/25,-4.36,,147.13690524626452,147.13690524626452,,0.020000000000000462,-2.4072647904818893,-2.4072647904818893,60.18161976204584,71.15
79,neutral,79,1s2.2s2.2p6.3s2.3p6.3d10.4s2.4p6.4d10.5s2.5p6.4f14.5d10.6s1,1s2.2s2.2p6.3s2.3p6.3d10.4s2.4p6.4d10.5s2.5p6.4f14.5d10,6s,-7873/1800,-4.373888888888889,,148.82250961296802,148.82250961296802,,0.013888888888888395,-1.685604366703501,-1.685604366703501,60.68175720132819,75.30000000000001
79,highZ,103,1s2.2s2.2p6.3s2.3p6.3d10.4s2.4p6.4d10.5s2.5p6.4f14.5d10.5f1,1s2.2s2.2p6.3s2.3p6.3d10.4s2.4p6.4d10.5s2.5p6.4f14.5d10,5f,-219/50,-4.38,,149.71708480975326,149.71708480975326,,0.019999999999999574,-2.5801795634887412,-2.5801795634887412,64.50448908721991,78.0
80,neutral,80,1s2.2s2.2p6.3s2.3p6.3d10.4s2.4p6.4d10.5s2.5p6.4f14.5d10.6s2,1s2.2s2.2p6.3s2.3p6.3d10.4s2.4p6.4d10.5s2.5p6.4f14.5d10.6s1,6s,-3949/900,-4.387777777777778,,150.52465368579573,150.52465368579573,,0.013888888888889284,-1.702144072827707,-1.702144072827707,61.277186621795714,75.65
80,highZ,103,1s2.2s2.2p6.3s2.3p6.3d10.4s2.4p6.4d10.5s2.5p6.4f14.5d10.5f1.6s1,1s2.2s2.2p6.3s2.3p6.3d10.4s2.4p6.4d10.5s2.5p6.4f14.5d10.5f1,6s,-7909/1800,-4.393888888888889,,151.42219366340896,151.42230876897182,,0.013888888888889284,-1.7051088536557018,-1.7051088536557018,61.383918731603515,76.15
81,neutral,81,1s2.2s2.2p6.3s2.3p6.3d10.4s2.4p6.4d10.5s2.5p6.4f14.5d10.6s2.6p1,1s2.2s2.2p6.3s2.3p6.3d10.4s2.4p6.4d10.5s2.5p6.4f14.5d10.6s2,6p,-2641/600,-4.401666666666666,,152.2796613568811,152.2796613568811,,0.013888888888888395,-1.755007671085366,-1.755007671085366,63.18027615907542,76.00000000000001
81,highZ,103,1s2.2s2.2p6.3s2.3p6.3d10.4s2.4p6.4d10.5s2.5p6.4f14.5d10.6s2.5f1,1s2.2s2.2p6.3s2.3p6.3d10.4s2.4p6.4d10.5s2.5p6.4f14.5d10.5f1.6s1,6s,-3967/900,-4.407777777777778,,153.14407243431455,153.14407243431455,,0.013888888888888395,-1.7218787709055903,-1.7218787709055903,61.98763575260345,76.5
82,neutral,82,1s2.2s2.2p6.3s2.3p6.3d10.4s2.4p6.4d10.5s2.5p6.4f14.5d10.6s2.6p2,1s2.2s2.2p6.3s2.3p6.3d10.4s2.4p6.4d10.5s2.5p6.4f14.5d10.6s2.6p1,6p,-1987/450,-4.415555555555556,,154.04977109654962,154.05082560073222,,0.013888888888889284,-1.770109739668527,-1.770109739668527,63.72395062806516,76.35000000000001
82,highZ,103,1s2.2s2.2p6.3s2.3p6.3d10.4s2.4p6.4d10.5s2.5p6.4f14.5d10.6s2.5f2,1s2.2s2.2p6.3s2.3p6.3d10.4s2.4p6.4d10.5s2.5p6.4f14.5d10.6s2.5f1,5f,-797/180,-4.427777777777778,,155.78980051111904,155.79132736413865,,0.020000000000000462,-2.645728076804488,-2.645728076804488,66.14320192011068,78.35
83,neutral,83,1s2.2s2.2p6.3s2.3p6.3d10.4s2.4p6.4d10.5s2.5p6.4f14.5d10.6s2.6p3,1s2.2s2.2p6.3s2.3p6.3d10.4s2.4p6.4d10.5s2.5p6.4f14.5d10.6s2.6p2,6p,-7973/1800,-4.429444444444444,,155.83498290480134,155.83814641734915,,0.013888888888888395,-1.7852118082517165,-1.7852118082517165,64.26762509706408,76.70000000000002
83,highZ,103,1s2.2s2.2p6.3s2.3p6.3d10.4s2.4p6.4d10.5s2.5p6.4f14.5d10.6s2.5f3,1s2.2s2.2p6.3s2.3p6.3d10.4s2.4p6.4d10.5s2.5p6.4f14.5d10.6s2.5f2,5f,-4003/900,-4.447777777777778,,158.46240675858098,158.46641847526803,,0.019999999999999574,-2.6726062474619425,-2.6726062474619425,66.81515618654998,78.7
84,neutral,84,1s2.2s2.2p6.3s2.3p6.3d10.4s2.4p6.4d10.5s2.5p6.4f14.5d10.6s2.6p4,1s2.2s2.2p6.3s2.3p6.3d10.4s2.4p6.4d10.5s2.5p6.4f14.5d10.6s2.6p3,6p,-1333/300,-4.443333333333333,,157.64056930254924,157.64162380673184,,0.013888888888889284,-1.805586397747902,-1.805586397747902,65.00111031892263,77.05000000000001
84,highZ,103,1s2.2s2.2p6.3s2.3p6.3d10.4s2.4p6.4d10.5s2.5p6.4f14.5d10.6s2.5f4,1s2.2s2.2p6.3s2.3p6.3d10.4s2.4p6.4d10.5s2.5p6.4f14.5d10.6s2.5f3,5f,-4021/900,-4.467777777777778,,161.16331328262996,161.16934576770268,,0.020000000000000462,-2.7009065240489747,-2.7009065240489747,67.5226631012228,79.05
85,neutral,85,1s2.2s2.2p6.3s2.3p6.3d10.4s2.4p6.4d10.5s2.5p6.4f14.5d10.6s2.6p5,1s2.2s2.2p6.3s2.3p6.3d10.4s2.4p6.4d10.5s2.5p6.4f14.5d10.6s2.6p4,6p,-8023/1800,-4.457222222222223,,159.4612577688803,159.4612577688803,,0.013888888888889284,-1.8206884663310632,-1.8206884663310632,65.54478478791641,77.40000000000002
85,highZ,103,1s2.2s2.2p6.3s2.3p6.3d10.4s2.4p6.4d10.5s2.5p6.4f14.5d10.6s2.5f5,1s2.2s2.2p6.3s2.3p6.3d10.4s2.4p6.4d10.5s2.5p6.4f14.5d10.6s2.5f4,5f,-4039/900,-4.487777777777778,,163.89252008326594,163.90010924144258,,0.019999999999999574,-2.7292068006359784,-2.7292068006359784,68.23017001590091,79.4
86,neutral,86,1s2.2s2.2p6.3s2.3p6.3d10.4s2.4p6.4d10.5s2.5p6.4f14.5d10.6s2.6p6,1s2.2s2.2p6.3s2.3p6.3d10.4s2.4p6.4d10.5s2.5p6.4f14.5d10.6s2.6p5,6p,-1006/225,-4.471111111111111,,161.29704830379453,161.29704830379453,,0.013888888888888395,-1.8357905349142243,-1.8357905349142243,66.08845925691442,77.75000000000001
86,highZ,103,1s2.2s2.2p6.3s2.3p6.3d10.4s2.4p6.4d10.5s2.5p6.4f14.5d10.6s2.5f6,1s2.2s2.2p6.3s2.3p6.3d10.4s2.4p6.4d10.5s2.5p6.4f14.5d10.6s2.5f5,5f,-4057/900,-4.507777777777778,,166.6486050545594,166.65870889648775,,0.020000000000000462,-2.756084971293461,-2.756084971293461,68.90212428233494,79.75
87,neutral,87,1s2.2s2.2p6.3s2.3p6.3d10.4s2.4p6.4d10.5s2.5p6.4f14.5d10.6s2.6p6.7s1,1s2.2s2.2p6.3s2.3p6.3d10.4s2.4p6.4d10.5s2.5p6.4f14.5d10.6s2.6p6,7s,-98813/22050,-4.481315192743764,,162.69825964755958,162.69825964755958,,0.010204081632653406,-1.4012113437650555,-1.4012113437650555,68.6593558444854,84.8
87,highZ,103,1s2.2s2.2p6.3s2.3p6.3d10.4s2.4p6.4d10.5s2.5p6.4f14.5d10.6s2.5f7,1s2.2s2.2p6.3s2.3p6.3d10.4s2.4p6.4d10.5s2.5p6.4f14.5d10.6s2.5f6,5f,-163/36,-4.527777777777778,,169.43099935413852,169.44514473283817,,0.019999999999999574,-2.782394299579124,-2.782394299579124,69.55985748947958,80.1
88,neutral,88,1s2.2s2.2p6.3s2.3p6.3d10.4s2.4p6.4d10.5s2.5p6.4f14.5d10.6s2.6p6.7s2,1s2.2s2.2p6.3s2.3p6.3d10.4s2.4p6.4d10.5s2.5p6.4f14.5d10.6s2.6p6.7s1,7s,-49519/11025,-4.491519274376417,,164.11161870987098,164.11161870987098,,0.010204081632652517,-1.4133590623114003,-1.4133590623114003,69.25459405326231,85.14999999999999
88,highZ,103,1s2.2s2.2p6.3s2.3p6.3d10.4s2.4p6.4d10.5s2.5p6.4f14.5d10.6s2.5f8,1s2.2s2.2p6.3s2.3p6.3d10.4s2.4p6.4d10.5s2.5p6.4f14.5d10.6s2.5f7,5f,-4093/900,-4.547777777777778,,172.24931290856554,172.25941675049387,,0.020000000000000462,-2.8183135544270215,-2.8183135544270215,70.45783886067392,80.45
89,neutral,89,1s2.2s2.2p6.3s2.3p6.3d10.4s2.4p6.4d10.5s2.5p6.4f14.5d10.6s2.6p6.6d1.7s2,1s2.2s2.2p6.3s2.3p6.3d10.4s2.4p6.4d10.5s2.5p6.4f14.5d10.6s2.6p6.7s2,6d,-44153/9800,-4.505408163265306,,166.06341609632557,166.06341609632557,,0.013888888888889284,-1.9517973864545866,-1.9517973864545866,70.26470591236311,86.0
89,highZ,103,1s2.2s2.2p6.3s2.3p6.3d10.4s2.4p6.4d10.5s2.5p6.4f14.5d10.6s2.5f8.6p1,1s2.2s2.2p6.3s2.3p6.3d10.4s2.4p6.4d10.5s2.5p6.4f14.5d10.6s2.5f8,6p,-2737/600,-4.5616666666666665,,174.163422657976,174.17378675879218,,0.013888888888888395,-1.9141097494104713,-1.9141097494104713,68.90795097877941,82.80000000000001
90,neutral,90,1s2.2s2.2p6.3s2.3p6.3d10.4s2.4p6.4d10.5s2.5p6.4f14.5d10.6s2.6p6.6d2.7s2,1s2.2s2.2p6.3s2.3p6.3d10.4s2.4p6.4d10.5s2.5p6.4f14.5d10.6s2.6p6.6d1.7s2,6d,-199301/44100,-4.519297052154195,,168.03114500992442,168.0322563463594,,0.013888888888888395,-1.9677289135988474,-1.9677289135988474,70.83824088956102,86.35
90,highZ,103,1s2.2s2.2p6.3s2.3p6.3d10.4s2.4p6.4d10.5s2.5p6.4f14.5d10.6s2.6p6.5f4,1s2.2s2.2p6.3s2.3p6.3d10.4s2.4p6.4d10.5s2.5p6.4f14.5d10.6s2.5f8.6p1,6p,-1024/225,-4.551111111111111,,172.41379491226752,172.4198273973402,,-0.01055555555555543,1.7496277457084943,1.7496277457084943,nan,81.15000000000002
91,neutral,91,1s2.2s2.2p6.3s2.3p6.3d10.4s2.4p6.4d10.5s2.5p6.4f14.5d10.6s2.6p6.5f2.6d1.7s2,1s2.2s2.2p6.3s2.3p6.3d10.4s2.4p6.4d10.5s2.5p6.4f14.5d10.6s2.6p6.5f2.7s2,6d,-8909/1960,-4.545408163265306,,171.66993239204913,171.67169441434487,,0.013888888888889284,-1.9926213858364292,-1.9926213858364292,71.73436989010942,88.0
91,highZ,110,1s2.2s2.2p6.3s2.3p6.3d10.4s2.4p6.4d10.5s2.5p6.4f14.5d10.6s2.6p6.5f5,1s2.2s2.2p6.3s2.3p6.3d10.4s2.4p6.4d10.4f14.5s2.5p6.5d10.5f2.6s2.6p6.7s2,5f,-2057/450,-4.571111111111111,,175.2625234658132,175.2701126239898,,0.039591836734693686,-5.585212459600484,-5.585212459600484,70.53489961866624,79.4
92,neutral,92,1s2.2s2.2p6.3s2.3p6.3d10.4s2.4p6.4d10.5s2.5p6.4f14.5d10.6s2.6p6.5f3.6d1.7s2,1s2.2s2.2p6.3s2.3p6.3d10.4s2.4p6.4d10.5s2.5p6.4f14.5d10.6s2.6p6.5f3.7s2,6d,-44741/9800,-4.565408163265306,,174.51282601784118,174.51758784531242,,0.013888888888888395,-2.0126360286573117,-2.0126360286573117,72.4548970316658,89.0
92,highZ,110,1s2.2s2.2p6.3s2.3p6.3d10.4s2.4p6.4d10.5s2.5p6.4f14.5d10.6s2.6p6.5f6,1s2.2s2.2p6.3s2.3p6.3d10.4s2.4p6.4d10.5s2.5p6.4f14.5d10.6s2.6p6.5f5,5f,-1033/225,-4.591111111111111,,178.13813019001634,178.14823403194467,,0.020000000000000462,-2.875606724203152,-2.875606724203152,71.89016810507714,79.75
93,neutral,93,1s2.2s2.2p6.3s2.3p6.3d10.4s2.4p6.4d10.5s2.5p6.4f14.5d10.6s2.6p6.5f4.6d1.7s2,1s2.2s2.2p6.3s2.3p6.3d10.4s2.4p6.4d10.5s2.5p6.4f14.5d10.6s2.6p6.5f4.6d1.7s1,7s,-44937/9800,-4.585408163265306,,177.3839567834168,177.39131745758522,,0.010204081632653406,-1.4889548741398073,-1.4889548741398073,72.9587888328481,89.99999999999999
93,highZ,110,1s2.2s2.2p6.3s2.3p6.3d10.4s2.4p6.4d10.5s2.5p6.4f14.5d10.6s2.6p6.5f7,1s2.2s2.2p6.3s2.3p6.3d10.4s2.4p6.4d10.5s2.5p6.4f14.5d10.6s2.6p6.5f6,5f,-83/18,-4.611111111111111,,181.04004624250513,181.05419162120478,,0.019999999999999574,-2.9019160524887866,-2.9019160524887866,72.54790131222121,80.1
94,neutral,94,1s2.2s2.2p6.3s2.3p6.3d10.4s2.4p6.4d10.5s2.5p6.4f14.5d10.6s2.6p6.5f6.7s2,1s2.2s2.2p6.3s2.3p6.3d10.4s2.4p6.4d10.5s2.5p6.4f14.5d10.6s2.6p6.5f6.7s1,7s,-50842/11025,-4.611519274376417,,181.13720649168988,181.14731033361824,,0.010204081632652517,-1.5059376184181303,-1.5059376184181303,73.79094330249232,91.14999999999999
94,highZ,110,1s2.2s2.2p6.3s2.3p6.3d10.4s2.4p6.4d10.5s2.5p6.4f14.5d10.6s2.6p6.5f8,1s2.2s2.2p6.3s2.3p6.3d10.4s2.4p6.4d10.5s2.5p6.4f14.5d10.6s2.6p6.5f7,5f,-1042/225,-4.631111111111111,,183.97788154984184,183.9879853917702,,0.020000000000000462,-2.9378353073367123,-2.9378353073367123,73.44588268341612,80.45
95,neutral,95,1s2.2s2.2p6.3s2.3p6.3d10.4s2.4p6.4d10.5s2.5p6.4f14.5d10.6s2.6p6.5f7.7s2,1s2.2s2.2p6.3s2.3p6.3d10.4s2.4p6.4d10.5s2.5p6.4f14.5d10.6s2.6p6.5f7.7s1,7s,-4085/882,-4.6315192743764175,,184.0698735267782,184.08401890547788,,0.010204081632653406,-1.5213673777692804,-1.5213673777692804,74.54700151069223,92.14999999999999
95,highZ,110,1s2.2s2.2p6.3s2.3p6.3d10.4s2.4p6.4d10.5s2.5p6.4f14.5d10.6s2.6p6.5f9,1s2.2s2.2p6.3s2.3p6.3d10.4s2.4p6.4d10.5s2.5p6.4f14.5d10.6s2.6p6.5f8,5f,-2093/450,-4.651111111111111,,186.94202618546421,186.94961534364083,,0.019999999999999574,-2.9641446356223753,-2.9641446356223753,74.10361589056096,80.8
96,neutral,96,1s2.2s2.2p6.3s2.3p6.3d10.4s2.4p6.4d10.5s2.5p6.4f14.5d10.6s2.6p6.5f7.6d1.7s2,1s2.2s2.2p6.3s2.3p6.3d10.4s2.4p6.4d10.5s2.5p6.4f14.5d10.6s2.6p6.5f7.7s2,6d,-1821/392,-4.645408163265306,,186.16425462710038,186.17952338223526,,0.013888888888888395,-2.094381100322181,-2.094381100322181,75.39771961160119,93.0
96,highZ,110,1s2.2s2.2p6.3s2.3p6.3d10.4s2.4p6.4d10.5s2.5p6.4f14.5d10.6s2.6p6.5f10,1s2.2s2.2p6.3s2.3p6.3d10.4s2.4p6.4d10.5s2.5p6.4f14.5d10.6s2.6p6.5f9,5f,-1051/225,-4.671111111111111,,189.93304899174404,189.93908147681677,,0.020000000000000462,-2.9910228062798296,-2.9910228062798296,74.77557015699401,81.15
97,neutral,97,1s2.2s2.2p6.3s2.3p6.3d10.4s2.4p6.4d10.5s2.5p6.4f14.5d10.6s2.6p6.5f9.7s2,1s2.2s2.2p6.3s2.3p6.3d10.4s2.4p6.4d10.5s2.5p6.4f14.5d10.6s2.6p6.5f9.7s1,7s,-103007/22050,-4.671519274376418,,190.0333554349363,190.04094459311295,,0.010204081632653406,-1.5520098242660367,-1.5520098242660367,76.04848138903323,94.14999999999999
97,highZ,110,1s2.2s2.2p6.3s2.3p6.3d10.4s2.4p6.4d10.5s2.5p6.4f14.5d10.6s2.6p6.5f11,1s2.2s2.2p6.3s2.3p6.3d10.4s2.4p6.4d10.5s2.5p6.4f14.5d10.6s2.6p6.5f10,5f,-2111/450,-4.691111111111111,,192.9523720746109,192.95638379129795,,0.019999999999999574,-3.019323082866862,-3.019323082866862,75.48307707167315,81.5
98,neutral,98,1s2.2s2.2p6.3s2.3p6.3d10.4s2.4p6.4d10.5s2.5p6.4f14.5d10.6s2.6p6.5f10.7s2,1s2.2s2.2p6.3s2.3p6.3d10.4s2.4p6.4d10.5s2.5p6.4f14.5d10.6s2.6p6.5f10.7s1,7s,-51724/11025,-4.691519274376417,,193.05512922381567,193.0611617088884,,0.010204081632653406,-1.5673310475144433,-1.5673310475144433,76.79922132820514,95.14999999999999
98,highZ,110,1s2.2s2.2p6.3s2.3p6.3d10.4s2.4p6.4d10.5s2.5p6.4f14.5d10.6s2.6p6.5f12,1s2.2s2.2p6.3s2.3p6.3d10.4s2.4p6.4d10.5s2.5p6.4f14.5d10.6s2.6p6.5f11,5f,-212/45,-4.711111111111111,,195.9999954340648,196.0015222870844,,0.020000000000000462,-3.047623359453894,-3.047623359453894,76.19058398634559,81.85
99,neutral,99,1s2.2s2.2p6.3s2.3p6.3d10.4s2.4p6.4d10.5s2.5p6.4f14.5d10.6s2.6p6.5f11.7s2,1s2.2s2.2p6.3s2.3p6.3d10.4s2.4p6.4d10.5s2.5p6.4f14.5d10.6s2.6p6.5f11.7s1,7s,-103889/22050,-4.711519274376418,,196.10520328928206,196.1092150059691,,0.010204081632653406,-1.5826522707628499,-1.5826522707628499,77.54996126737703,96.14999999999999
99,highZ,110,1s2.2s2.2p6.3s2.3p6.3d10.4s2.4p6.4d10.5s2.5p6.4f14.5d10.6s2.6p6.5f13,1s2.2s2.2p6.3s2.3p6.3d10.4s2.4p6.4d10.5s2.5p6.4f14.5d10.6s2.6p6.5f12,5f,-2129/450,-4.731111111111111,,199.07449696417615,199.07449696417615,,0.019999999999999574,-3.0745015301113483,-3.0745015301113483,76.86253825278534,82.2
100,neutral,100,1s2.2s2.2p6.3s2.3p6.3d10.4s2.4p6.4d10.5s2.5p6.4f14.5d10.6s2.6p6.5f12.7s2,1s2.2s2.2p6.3s2.3p6.3d10.4s2.4p6.4d10.5s2.5p6.4f14.5d10.6s2.6p6.5f12.7s1,7s,-10433/2205,-4.731519274376417,,199.18357763133545,199.18510448435507,,0.010204081632653406,-1.597973494011228,-1.597973494011228,78.30070120654753,97.14999999999999
100,highZ,110,1s2.2s2.2p6.3s2.3p6.3d10.4s2.4p6.4d10.5s2.5p6.4f14.5d10.6s2.6p6.5f14,1s2.2s2.2p6.3s2.3p6.3d10.4s2.4p6.4d10.5s2.5p6.4f14.5d10.6s2.6p6.5f13,5f,-1069/225,-4.751111111111111,,202.17530782257313,202.17530782257313,,0.020000000000000462,-3.100810858396983,-3.100810858396983,77.52027145992278,82.55
101,neutral,101,1s2.2s2.2p6.3s2.3p6.3d10.4s2.4p6.4d10.5s2.5p6.4f14.5d10.6s2.6p6.5f13.7s2,1s2.2s2.2p6.3s2.3p6.3d10.4s2.4p6.4d10.5s2.5p6.4f14.5d10.6s2.6p6.5f13.7s1,7s,-104771/22050,-4.751519274376418,,202.2888301440463,202.2888301440463,,0.010204081632653406,-1.6132947172596062,-1.6132947172596062,79.05144114571803,98.14999999999999
101,highZ,110,1s2.2s2.2p6.3s2.3p6.3d10.4s2.4p6.4d10.5s2.5p6.4f14.5d10.6s2.6p6.5f14.6d1,1s2.2s2.2p6.3s2.3p6.3d10.4s2.4p6.4d10.5s2.5p6.4f14.5d10.6s2.6p6.5f14,6d,-953/200,-4.765,,204.38705065484814,204.38705065484814,,0.013888888888888395,-2.2117428322750072,-2.2117428322750072,79.62274196190309,100.0
102,neutral,102,1s2.2s2.2p6.3s2.3p6.3d10.4s2.4p6.4d10.5s2.5p6.4f14.5d10.6s2.6p6.5f14.7s2,1s2.2s2.2p6.3s2.3p6.3d10.4s2.4p6.4d10.5s2.5p6.4f14.5d10.6s2.6p6.5f14.7s1,7s,-52606/11025,-4.771519274376417,,205.4203919850428,205.4203919850428,,0.010204081632653406,-1.6286159405080127,-1.6286159405080127,79.80218108488992,99.14999999999999
102,highZ,110,1s2.2s2.2p6.3s2.3p6.3d10.4s2.4p6.4d10.5s2.5p6.4f14.5d10.6s2.6p6.5f14.6d2,1s2.2s2.2p6.3s2.3p6.3d10.4s2.4p6.4d10.5s2.5p6.4f14.5d10.6s2.6p6.5f14.6d1,6d,-4301/900,-4.778888888888889,,206.6147250142674,206.61583635070238,,0.013888888888889284,-2.227674359419268,-2.227674359419268,80.19627693909138,100.35
103,neutral,103,1s2.2s2.2p6.3s2.3p6.3d10.4s2.4p6.4d10.5s2.5p6.4f14.5d10.6s2.6p6.5f14.7s2.7p1,1s2.2s2.2p6.3s2.3p6.3d10.4s2.4p6.4d10.5s2.5p6.4f14.5d10.6s2.6p6.5f14.7s2,7p,-105437/22050,-4.781723356009071,,207.0887808358638,207.0887808358638,,0.010204081632653406,-1.6683888508209748,-1.6683888508209748,81.751053690225,99.5
103,highZ,108,1s2.2s2.2p6.3s2.3p6.3d10.4s2.4p6.4d10.5s2.5p6.4f14.5d10.6s2.6p6.5f14.6d3,1s2.2s2.2p6.3s2.3p6.3d10.4s2.4p6.4d10.5s2.5p6.4f14.5d10.6s2.6p6.5f14.6d2,6d,-8627/1800,-4.792777777777777,,208.85933858652464,208.86166491013586,,0.013888888888888395,-2.2446135722572365,-2.2446135722572365,80.80608860126338,100.7
104,neutral,104,1s2.2s2.2p6.3s2.3p6.3d10.4s2.4p6.4d10.5s2.5p6.4f14.5d10.6s2.6p6.5f14.6d2.7s2,1s2.2s2.2p6.3s2.3p6.3d10.4s2.4p6.4d10.5s2.5p6.4f14.5d10.6s2.6p6.5f14.6d1.7s2,6d,-211649/44100,-4.799297052154195,,209.9147466463074,209.9158579827424,,0.013888888888888395,-2.2551430942044135,-2.2551430942044135,81.18515139136177,100.35
104,highZ,108,1s2.2s2.2p6.3s2.3p6.3d10.4s2.4p6.4d10.5s2.5p6.4f14.5d10.6s2.6p6.5f14.6d4,1s2.2s2.2p6.3s2.3p6.3d10.4s2.4p6.4d10.5s2.5p6.4f14.5d10.6s2.6p6.5f14.6d3,6d,-721/150,-4.806666666666667,,211.1208913716199,211.12453633314857,,0.013888888888889284,-2.2615527850952617,-2.2615527850952617,81.4159002634271,101.05
105,neutral,105,1s2.2s2.2p6.3s2.3p6.3d10.4s2.4p6.4d10.5s2.5p6.4f14.5d10.6s2.6p6.5f14.6d3.7s2,1s2.2s2.2p6.3s2.3p6.3d10.4s2.4p6.4d10.5s2.5p6.4f14.5d10.6s2.6p6.5f14.6d2.7s2,6d,-424523/88200,-4.813185941043084,,212.18682895334982,212.18915527696103,,0.013888888888889284,-2.2720823070424103,-2.2720823070424103,81.79496305352444,100.7
105,highZ,110,1s2.2s2.2p6.3s2.3p6.3d10.4s2.4p6.4d10.5s2.5p6.4f14.5d10.6s2.6p6.5f14.6d5,1s2.2s2.2p6.3s2.3p6.3d10.4s2.4p6.4d10.4f14.5s2.5p6.5d10.5f14.6s2.6p6.6d2.7s2,6d,-8677/1800,-4.820555555555556,,213.39837568385937,213.40445061974052,,0.02125850340136104,-3.483629037551964,-3.483629037551964,81.93495496322028,101.4
106,neutral,106,1s2.2s2.2p6.3s2.3p6.3d10.4s2.4p6.4d10.5s2.5p6.4f14.5d10.6s2.6p6.5f14.6d4.7s2,1s2.2s2.2p6.3s2.3p6.3d10.4s2.4p6.4d10.5s2.5p6.4f14.5d10.6s2.6p6.5f14.6d3.7s2,6d,-35479/7350,-4.827074829931973,,214.47585047323025,214.47949543475892,,0.013888888888888395,-2.2890215198804356,-2.2890215198804356,82.40477471569861,101.05
106,highZ,108,1s2.2s2.2p6.3s2.3p6.3d10.4s2.4p6.4d10.5s2.5p6.4f14.5d10.6s2.6p6.5f14.6d5.7s1,1s2.2s2.2p6.3s2.3p6.3d10.4s2.4p6.4d10.5s2.5p6.4f14.5d10.6s2.6p6.5f14.6d4.7s1,6d,-426073/88200,-4.830759637188208,,215.08280370762725,215.0895906786651,,0.013888888888888395,-2.2910762726007476,-2.2910762726007476,82.47874581362984,101.4
107,neutral,107,1s2.2s2.2p6.3s2.3p6.3d10.4s2.4p6.4d10.5s2.5p6.4f14.5d10.6s2.6p6.5f14.6d5.7s2,1s2.2s2.2p6.3s2.3p6.3d10.4s2.4p6.4d10.5s2.5p6.4f14.5d10.6s2.6p6.5f14.6d4.7s2,6d,-426973/88200,-4.840963718820862,,216.7808035202549,216.78687845613604,,0.013888888888889284,-2.3049530470246395,-2.3049530470246395,82.97830969288466,101.4
107,highZ,108,1s2.2s2.2p6.3s2.3p6.3d10.4s2.4p6.4d10.5s2.5p6.4f14.5d10.6s2.6p6.5f14.6d5.7s2,1s2.2s2.2p6.3s2.3p6.3d10.4s2.4p6.4d10.5s2.5p6.4f14.5d10.6s2.6p6.5f14.6d5.7s1,7s,-426973/88200,-4.840963718820862,,216.7808035202549,216.78687845613604,,0.010204081632653406,-1.6979998126276428,-1.6979998126276428,83.20199081875168,103.39999999999999
108,neutral,108,1s2.2s2.2p6.3s2.3p6.3d10.4s2.4p6.4d10.5s2.5p6.4f14.5d10.6s2.6p6.5f14.6d6.7s2,1s2.2s2.2p6.3s2.3p6.3d10.4s2.4p6.4d10.5s2.5p6.4f14.5d10.6s2.6p6.5f14.6d5.7s2,6d,-214099/44100,-4.85485260770975,,219.1076593795637,219.11130434109236,,0.013888888888888395,-2.3268558593088073,-2.3268558593088073,83.76681093512003,101.75
109,neutral,109,1s2.2s2.2p6.3s2.3p6.3d10.4s2.4p6.4d10.4f14.5s2.5p6.5d10.5f14.6s2.6p6.6d7.7s2,1s2.2s2.2p6.3s2.3p6.3d10.4s2.4p6.4d10.4f14.5s2.5p6.5d10.5f14.6s2.6p6.6d6.7s2,6d,-143141/29400,-4.8687414965986395,,221.45044676601674,221.45277308962795,,0.013888888888889284,-2.3427873864530397,-2.3427873864530397,84.34034591230703,102.1
110,neutral,110,1s2.2s2.2p6.3s2.3p6.3d10.4s2.4p6.4d10.4f14.5s2.5p6.5d10.5f14.6s2.6p6.6d8.7s2,1s2.2s2.2p6.3s2.3p6.3d10.4s2.4p6.4d10.4f14.5s2.5p6.5d10.5f14.6s2.6p6.6d7.7s2,6d,-53831/11025,-4.882630385487528,,223.81017336530775,223.81128470174275,,0.013888888888888395,-2.359726599291008,-2.359726599291008,84.9501575744793,102.45
