model,file,type,n_params,n_rows,MAPE_%,median_APE_%,neutral_first_IE_MAPE_%,H_like_MAPE_%,V1_MAPE_%,V2_MAPE_%,S1_MAPE_%,S3_MAPE_%,S2_MAPE_%,selection_score_%,S2_blind_median_%,S2_blind_neutral_MAPE_%,S2_posthoc_bound_MAPE_%
Bohr Ry Z^2/n^2,se_bohr,first-principles (baseline),0,5847,1362.9069107412904,171.7143691275168,22878.254311522152,5.995534141290412,1050.267385236293,1044.9318202392074,1317.3892529601248,1399.1610459078504,1517.433111716452,1202.937376085869,171.6073111119544,37084.612178051415,
Slater 1e,se_slater_1e,"empirical rules (baseline, 0 params)",0,5847,27.56397809680911,8.599370136027735,118.73637544299172,5.995534141290412,18.64012464191311,19.864470646237557,27.820597480727006,27.353837731907127,28.099195888591908,23.419757625196198,8.02543373745819,64.02741161136886,
Slater total-energy diff.,se_slater_total,"empirical rules (baseline, 0 params)",0,5847,11.76518862244198,7.484724637681158,51.80150033878887,5.995534141290412,13.414506471166968,14.390786030380992,11.62920804579336,12.35984347741029,11.637941896579834,12.948586006187902,8.068883147320449,50.71830677591665,
Clementi-Raimondi 1e,se_cr_1e,"empirical/HF (baseline, 0 params)",0,5847,31.207705387425968,11.272047008547005,179.9545072961907,5.995534141290412,37.021444530252104,36.628056805993964,30.10861378611948,29.60603307668092,24.948872686049107,33.34103704976162,10.699086297029844,112.43137553585942,
Clementi-Raimondi total,se_cr_total,"empirical/HF (baseline, 0 params)",0,5847,119.63171411144486,18.661782125859325,2280.694223563846,5.995534141290412,87.09298053921349,77.32913905268717,116.31755369054368,118.71965842536079,133.911560811242,99.86483292695127,20.47371744066986,3716.630768074072,
A: 1/Z two terms + rel/QED,fp_zexp2_rel,first-principles,0,5847,653.1966950063842,31.320652402880032,12469.8395216058,0.0011741687196366584,486.2458401165868,483.3412187018859,632.8691596453231,669.3861815053602,738.3819759249276,567.960599992289,31.174487234852506,20614.07175949743,
"A: zexp headline (exact O(Z^2,Z) + heuristic O(1) + rel)",fp_zexp,first-principles,0,5847,69.75200394973585,7.200775669235861,1104.7354434759661,0.0011741687196366584,53.39116122412714,53.985814722136915,68.33739459771319,74.25015657132823,77.78812201557315,62.491131778826364,7.424151013626389,1771.691490883874,
A: zexp_sq_rel_p4,fp_zexp_sq_rel_p4,first-principles,0,5847,66.72184137627059,5.891499155336661,1062.148471462786,0.0011741687196366584,52.158323793819854,52.62172204276397,65.4058238713612,71.34123521517321,74.0222524549401,60.38177623077956,5.779198958763936,1692.125805149866,
A: universal sigma(N/Z),fp_zexp_univ,hybrid,12,5847,38.721296401703626,4.09927798427425,819.1248980945223,3.4213881624449756,,,38.6,42.9,65.3,,,,
A: per-sequence dE2 (in-sample),fp_zexp3_seq,hybrid (per configuration),409,5847,4.728260616548378,2.2756592349319225,8.003963294485995,0.0011743272200142392,,,26.6,,75.7,,,,
A: LSDA Delta-SCF (207 rows),fp_dft,first-principles (DFT),0,207,1.3190171924238514,0.7258952683901193,3.3032773315452797,1.3626072762838064,3.402010256329019,3.2898500337115273,1.0019549283955633,1.3887338452630063,,,,,
A: Slater transition state (207 rows),fp_dft_ts,first-principles (DFT),0,207,1.156452078711119,0.551246744260835,3.0039287728408253,0.823859525918487,3.181148709453134,3.0118621700941395,0.8174454070252093,1.268666834249872,,,,,
B: GSHM core (blind),se_gshm_core,fitted,30,5847,1.618101985005236,0.7951966527196678,7.7110486786748895,0.1901628279391052,33.743112586710104,1.3105949715221459,1.6328366859006929,1.707032082788495,178.49530165390195,9.598394081730358,1.405986698651099,7953.077313563377,19.233834492057074
B: GSHM final (blind),se_gshm,fitted,32,5847,1.5732029103554823,0.7372604735883381,7.612361244132461,0.1901628279391052,34.12981884495769,1.6521557450005386,1.5871301875245225,1.7000033227022553,170.2696093481183,9.767277025046253,3.512673810112415,7393.126785569313,18.71202973416683
U: GSHM + A recoil/QED/FNS,uni_gshm_qed,fitted + first-principles layer,32,5847,1.5619291520224365,0.7206314262683269,7.611961318699674,0.0011608008240878806,,,1.5753779945618882,1.7000715937774162,170.25572191248403,,,,18.698524637941528
U: pocket formula,uni_pocket,fitted (hand-calculable),8,5847,4.684366943446486,3.0434619876179494,16.793243576028683,1.1644037824748525,4418597.62646313,2.5540823843276437,4.624981841357159,5.242225915126778,11.333892967320772,1104652.5119383177,2.0399554834485243,12.336176080572342,
U: exact sigma1 + remainder (29p),uni_u29,hybrid,29,5847,1.9526777380041518,1.130237529645796,7.581844417232675,0.0011608008240878806,21.96574687362757,1.758890101775382,1.974515021905467,2.121645138460791,137.7494158176892,6.955199283942303,1.3712601323510576,9402.631965173156,
U: exact sigma1 + remainder (35p) (previous final),uni_u35,hybrid,35,5847,1.4844058801685969,0.7279468536089957,6.431950544037177,0.0011608008240878806,26.390760544773798,1.484145634472283,1.5157040923113447,1.649065950388561,57.23312130469542,7.759919055486497,1.998713324449422,3831.339832778423,
Push A: pa_hier,pa_hier,hybrid,28,5847,2.1642884642162876,0.9852759136244439,9.653478527768826,0.0011608008240878806,3.4682970087662524,1.5313290658450045,2.1556822823136854,2.3387473815784174,8.473730122235217,2.37351393462584,1.7802022787868834,35.2277219138513,
Push A: pa_bound9,pa_bound9,hybrid,9,5847,2.897028028222962,1.3900532969943884,11.988462040969043,0.0011608008240878806,2.158373579647754,1.9492386865053832,2.8993055307461777,3.049931052102135,7.801809488681311,2.5142122122503627,1.6880999935977772,27.971371958823358,
Push A: pa_bound14_relfit,pa_bound14_relfit,hybrid,14,5847,2.4089749279168617,1.3095763514905692,8.418397534228047,0.0011608008240878806,3.852045421760852,2.827106882800402,2.459396939509609,2.4831673648748676,5.52993217493757,2.9054291522364326,1.9249231646559115,47.24262180833787,
Push A: pa_bound9_fs0,pa_bound9_fs0,hybrid,9,5847,3.2440491643318223,1.7839605005901829,15.516605810687876,0.0011608008240878806,2.7339732973968514,2.5801122200425315,3.2127261099280773,3.392627106868883,8.494679521080618,2.9798596835590856,2.502792067373553,41.20053735651981,
Push A: pa_nobound14_relfit,pa_nobound14_relfit,hybrid,14,5847,2.8751632101182625,1.8134482337155589,13.108644450321194,0.0011608008240878806,6.611169522130042,3.1618814220024283,2.9097318569186807,3.1466013918275384,9.426174382007817,3.957346048219672,3.218592819547321,105.70391488480688,
Push B: pb_clip_pos (Push B choice),pb_clip_pos,hybrid,30,5847,1.7454277259169815,0.7878989521696907,7.4893366220279995,0.0011608008240878806,4.039010880254675,1.8365594764542275,1.7570999267588907,1.8454377036361396,13.948495932656229,2.369526996775983,1.562086851692954,247.66304934583945,
Push B: pb_exp_pos,pb_exp_pos,hybrid,30,5847,1.8639556089700522,0.7740524865346856,10.360782174169572,0.0011608008240878806,8.94073029470539,2.201604822841493,1.8597985059581048,1.8991513154377835,6.029304151078802,3.7253212347356928,2.2658125523338235,40.427948704072044,
Push B: pb_clip,pb_clip,hybrid,30,5847,1.7441654259410735,0.787251086106367,7.458098207482243,0.0011608008240878806,10.416034454749585,1.7536346411899957,1.7570706743903375,1.8426974362772233,65.51068468864223,3.9423593016517855,1.6418476341137223,4131.642048061346,
Push B: pb_logistic_pos,pb_logistic_pos,hybrid,30,5847,2.076250715413095,0.8287533960772056,10.669167233734603,0.0011608008240878806,9.725281363234958,2.350205987489442,2.0471081163559717,2.1413808961277607,10.061641382664774,4.065994090802033,2.513376395140796,44.904068429687925,
FINAL: pa_hier_rel (Screened Rydberg formula),uni,hybrid,33,5847,1.8742082307997467,0.9400517066350373,7.515447997344637,0.0011608008240878806,3.085373408419649,1.6028811386989925,1.909133819840482,1.9951659554350207,6.603116043006734,2.148138580598536,1.6161708519593627,21.758869934509182,
