N,n,l,slope,intercept,sigma,n_eff,rms,npts
1,1,0,1.0064402556322147,-0.05507429813517104,0.05472187526975962,0.9936009558479264,0.02140507987562625,29
2,1,0,1.0066334012045537,-0.6938595983141422,0.6892872792457102,0.9934103108474087,0.02032115771297157,29
3,2,0,1.010495157064459,-1.7337183907173384,1.7157117266686173,1.9792276944801044,0.023056764601023207,29
4,2,0,1.011188790102167,-2.3246411703096936,2.2989190476239556,1.9778700274138985,0.02156741942953094,29
5,2,1,1.013716921296776,-3.3415723438959937,3.296356481473504,1.972937373326611,0.017871236932907604,29
6,2,1,1.0128445140393811,-4.041857241952683,3.990599925188052,1.9746367505350744,0.018929247714894456,29
7,2,1,1.0055084069502638,-4.645179016022088,4.619731654070453,1.98904353874679,0.033515862646250456,29
8,2,1,1.0150657192514756,-5.701366465435093,5.616746144909085,1.97031577568675,0.038281945013439386,29
9,2,1,1.0136319704514551,-6.406510731696602,6.32035188160378,1.973102721996064,0.04746712754733497,29
10,2,1,1.014385365329372,-7.149022911214696,7.047640034606967,1.9716372774666342,0.050558401099438974,29
11,3,0,1.0311472227123917,-8.860695450335752,8.593045934825918,2.9093808662051375,0.056455313347541856,29
12,3,0,1.034025922978462,-9.563893220984601,9.249181290770995,2.901281228384143,0.05715381153908514,29
13,3,1,1.0275859918242982,-10.716791456993132,10.4290945402704,2.9194636982877,0.06710054467474139,29
14,3,1,1.0345626815967006,-11.527601735085174,11.14248748784748,2.8997759665658207,0.0651093776865382,29
15,3,1,1.0291480284708345,-12.06266325449942,11.721018668638754,2.9150325482890613,0.09336138740813058,29
16,3,1,1.0339658346031628,-13.104605273130105,12.674118268288494,2.9014498348017495,0.10093664945370036,29
17,3,1,1.0317884896301492,-13.750984280641056,13.327328632605873,2.9075726567519355,0.11074370631556348,29
18,3,1,1.0353134668290018,-14.554532740160258,14.058092748217064,2.8976731165185323,0.11040202979920352,29
19,3,2,1.0524455680287819,-17.44871581205831,16.579209739786876,2.8505037135734863,0.18339333784904027,29
20,3,2,1.0538679957558015,-18.324588758099132,17.387935521238887,2.846656328953697,0.18303251659361142,29
21,3,2,1.0554419299466284,-19.27472298568525,18.26222972462344,2.8424112354070528,0.18521724958995522,29
22,3,2,1.0590336534086295,-20.29382010978748,19.16258283621992,2.8327711686442942,0.19083158698987746,29
23,3,2,1.0544188217757897,-20.98995077021895,19.906654108154974,2.845169242092604,0.20815972016220477,29
24,3,2,1.0663371709619232,-22.547982785589195,21.145265681068846,2.8133690559560587,0.21630797611137476,29
25,3,2,1.0672883595066205,-23.445700758927057,21.967540964997866,2.810861725679105,0.21720114490943343,29
26,3,2,1.0678724356128435,-24.38627565037521,22.83631905563713,2.809324316231015,0.22435741891225372,29
27,3,2,1.0707408759135664,-25.424888900382694,23.74513710302685,2.8017983318703243,0.22386915154416748,29
28,3,2,1.0707457269217844,-26.26938183437487,24.5337255838461,2.8017856383368445,0.23570522047861825,29
29,4,0,1.0965133765893789,-27.386889775745168,24.976338967181594,3.6479263138965936,0.18771685550947967,29
30,4,0,1.0961983292689237,-28.14442157980613,25.674570767295553,3.6489747276550575,0.1820711233943674,29
31,4,1,1.0997824788037096,-29.925902485421958,27.210746726910862,3.637082856921859,0.19308476781838246,28
32,4,1,1.1022565479463249,-30.809917369849355,27.95167552168596,3.62891924520895,0.1762961652306212,27
33,4,1,1.08760452853684,-31.081885439912593,28.578297188342173,3.677807415330663,0.1938184642160114,26
34,4,1,1.1014766263007474,-32.56921342530122,29.568683209087467,3.6314887710634354,0.20911465371705384,25
35,4,1,1.1040240933502365,-33.49401184117566,30.338116752086265,3.6231093361936755,0.1958721130740852,24
36,4,1,1.1091511220324795,-34.49623697966233,31.10147597962054,3.60636158639063,0.19877814703032004,23
37,4,2,1.1292019441470087,-38.45089402094501,34.05138843432522,3.542324754870638,0.2369632214778724,22
38,4,2,1.1357178244245631,-39.597519577658986,34.865631872707425,3.5220016046034055,0.22707537542094441,21
39,4,2,1.142051595191776,-40.807228176506925,35.731510159709096,3.502468729819786,0.21984285978611787,20
40,4,2,1.1527696403697159,-42.25649877467227,36.656498657545995,3.469904011973391,0.22144307339176414,19
41,4,2,1.1533648699210721,-43.18424116735447,37.44195986332554,3.4681132608744454,0.21488207106633977,18
42,4,2,1.1799399062213145,-45.69321135605452,38.72503261830023,3.390003150931437,0.2256223413777219,17
43,4,2,1.1878409200140698,-47.00500759105235,39.57180359681124,3.367454288367689,0.19890716850515405,16
44,4,2,1.1980023988801363,-48.5003861376714,40.484381486221054,3.3388914777959573,0.19211298390839224,15
45,4,2,1.2125018394848894,-50.26671082675316,41.45701819974814,3.2989640673034617,0.17858431903249375,14
46,4,2,1.2177435285509475,-51.413527721398445,42.220325147264724,3.284763914746314,0.1942161969612291,13
47,5,0,1.2609341671893584,-54.31270877430133,43.073389703893255,3.9653140743620874,0.14552185797699355,12
48,5,0,1.2531742118605516,-54.84669574743721,43.76621799933778,3.989868250302282,0.15750033917531503,11
49,5,1,1.1006226982172018,-48.57449270206345,44.13364614480951,4.542882868124602,0.9140423479086061,10
50,5,1,1.0707382477448733,-47.83195278589441,44.671938157281005,4.6696753483222535,0.9970284075952909,9
51,5,1,1.1446164252957833,-52.97849375358461,46.28493229938955,4.368275598271217,0.8900814691286073,8
52,5,1,1.3673299107988055,-66.29338302359304,48.4838242036729,3.6567619566509433,0.04539325116900903,7
53,5,1,1.3368628712994108,-65.61853192862755,49.08396615491857,3.740099382923302,0.0805707365215889,6
54,5,1,1.3438285682353794,-67.05549595240514,49.89884687483439,3.7207126847776766,0.07164377321974237,5
55,5,2,2.109985878838793,-115.14094705488816,54.56953442657858,2.3696841055408835,0.90399539958628,4
